{
  "type": "FeatureCollection",
  "features": [
    {
      "type": "Feature",
      "properties": {},
      "geometry": {
        "type": "Polygon",
        "coordinates": [
          [
            [
              180,
              90
            ],
            [
              -180,
              90
            ],
            [
              -180,
              -90
            ],
            [
              180,
              -90
            ],
            [
              180,
              90
            ]
          ],
          [
            [
              -74.267416,
              40.507511
            ],
            [
              -74.267414,
              40.507443
            ],
            [
              -74.267326,
              40.50653
            ],
            [
              -74.267315,
              40.506463
            ],
            [
              -74.267167,
              40.505847
            ],
            [
              -74.267182,
              40.505419
            ],
            [
              -74.267186,
              40.50528
            ],
            [
              -74.267196,
              40.504663
            ],
            [
              -74.267194,
              40.504357
            ],
            [
              -74.267191,
              40.504252
            ],
            [
              -74.267155,
              40.503726
            ],
            [
              -74.267144,
              40.503622
            ],
            [
              -74.267072,
              40.503118
            ],
            [
              -74.267053,
              40.503013
            ],
            [
              -74.266951,
              40.502543
            ],
            [
              -74.266925,
              40.50244
            ],
            [
              -74.266768,
              40.501905
            ],
            [
              -74.266734,
              40.501804
            ],
            [
              -74.266543,
              40.501299
            ],
            [
              -74.2665,
              40.501199
            ],
            [
              -74.266204,
              40.500574
            ],
            [
              -74.26569,
              40.499604
            ],
            [
              -74.265617,
              40.499469
            ],
            [
              -74.265171,
              40.498665
            ],
            [
              -74.264838,
              40.498193
            ],
            [
              -74.264824,
              40.498155
            ],
            [
              -74.264721,
              40.497895
            ],
            [
              -74.264678,
              40.497792
            ],
            [
              -74.264446,
              40.49729
            ],
            [
              -74.264395,
              40.497189
            ],
            [
              -74.264171,
              40.496775
            ],
            [
              -74.264114,
              40.496677
            ],
            [
              -74.263812,
              40.496198
            ],
            [
              -74.263747,
              40.496102
            ],
            [
              -74.263452,
              40.495692
            ],
            [
              -74.26338,
              40.495598
            ],
            [
              -74.263036,
              40.495176
            ],
            [
              -74.262958,
              40.495086
            ],
            [
              -74.262537,
              40.494631
            ],
            [
              -74.262452,
              40.494546
            ],
            [
              -74.262081,
              40.49419
            ],
            [
              -74.26199,
              40.494107
            ],
            [
              -74.261499,
              40.493687
            ],
            [
              -74.261402,
              40.493609
            ],
            [
              -74.26103,
              40.493323
            ],
            [
              -74.260928,
              40.493248
            ],
            [
              -74.260771,
              40.493139
            ],
            [
              -74.259964,
              40.492271
            ],
            [
              -74.259792,
              40.492113
            ],
            [
              -74.259658,
              40.491992
            ],
            [
              -74.259482,
              40.491836
            ],
            [
              -74.25932,
              40.491695
            ],
            [
              -74.25914,
              40.491542
            ],
            [
              -74.258973,
              40.491403
            ],
            [
              -74.258886,
              40.491332
            ],
            [
              -74.25868,
              40.491149
            ],
            [
              -74.258663,
              40.491159
            ],
            [
              -74.257849,
              40.490443
            ],
            [
              -74.257461,
              40.490153
            ],
            [
              -74.255669,
              40.489052
            ],
            [
              -74.255535,
              40.488985
            ],
            [
              -74.254742,
              40.488622
            ],
            [
              -74.254582,
              40.488555
            ],
            [
              -74.254168,
              40.48839
            ],
            [
              -74.254005,
              40.488328
            ],
            [
              -74.253414,
              40.488118
            ],
            [
              -74.253247,
              40.488063
            ],
            [
              -74.252643,
              40.487879
            ],
            [
              -74.252472,
              40.487831
            ],
            [
              -74.252051,
              40.48772
            ],
            [
              -74.251878,
              40.487677
            ],
            [
              -74.25118,
              40.487521
            ],
            [
              -74.251003,
              40.487486
            ],
            [
              -74.250504,
              40.487396
            ],
            [
              -74.250326,
              40.487367
            ],
            [
              -74.249642,
              40.487272
            ],
            [
              -74.249462,
              40.487251
            ],
            [
              -74.24895,
              40.4872
            ],
            [
              -74.248769,
              40.487185
            ],
            [
              -74.24817,
              40.487147
            ],
            [
              -74.247988,
              40.487139
            ],
            [
              -74.247477,
              40.487125
            ],
            [
              -74.247295,
              40.487123
            ],
            [
              -74.246612,
              40.48713
            ],
            [
              -74.24643,
              40.487136
            ],
            [
              -74.24583,
              40.487168
            ],
            [
              -74.245649,
              40.487181
            ],
            [
              -74.243408,
              40.48751
            ],
            [
              -74.241292,
              40.48816
            ],
            [
              -74.240417,
              40.488594
            ],
            [
              -74.23949,
              40.488581
            ],
            [
              -74.239456,
              40.488582
            ],
            [
              -74.237163,
              40.488821
            ],
            [
              -74.23713,
              40.488827
            ],
            [
              -74.235662,
              40.489172
            ],
            [
              -74.235631,
              40.489181
            ],
            [
              -74.233994,
              40.489769
            ],
            [
              -74.233964,
              40.489782
            ],
            [
              -74.233009,
              40.490244
            ],
            [
              -74.232953,
              40.490274
            ],
            [
              -74.231718,
              40.491035
            ],
            [
              -74.231667,
              40.491071
            ],
            [
              -74.23055,
              40.491976
            ],
            [
              -74.230507,
              40.492016
            ],
            [
              -74.22978,
              40.492423
            ],
            [
              -74.229732,
              40.492462
            ],
            [
              -74.228744,
              40.492713
            ],
            [
              -74.228192,
              40.492902
            ],
            [
              -74.227861,
              40.493032
            ],
            [
              -74.227015,
              40.492887
            ],
            [
              -74.226947,
              40.492879
            ],
            [
              -74.225368,
              40.492774
            ],
            [
              -74.2253,
              40.492773
            ],
            [
              -74.223949,
              40.492812
            ],
            [
              -74.22388,
              40.492817
            ],
            [
              -74.222037,
              40.493064
            ],
            [
              -74.221971,
              40.493077
            ],
            [
              -74.220635,
              40.493406
            ],
            [
              -74.220571,
              40.493425
            ],
            [
              -74.219972,
              40.493637
            ],
            [
              -74.21997,
              40.493634
            ],
            [
              -74.2199,
              40.493658
            ],
            [
              -74.219337,
              40.493719
            ],
            [
              -74.219278,
              40.493728
            ],
            [
              -74.219142,
              40.493755
            ],
            [
              -74.218407,
              40.493804
            ],
            [
              -74.218317,
              40.493813
            ],
            [
              -74.217463,
              40.493922
            ],
            [
              -74.217374,
              40.493936
            ],
            [
              -74.216505,
              40.494099
            ],
            [
              -74.216418,
              40.494118
            ],
            [
              -74.215566,
              40.494331
            ],
            [
              -74.215481,
              40.494355
            ],
            [
              -74.214738,
              40.494606
            ],
            [
              -74.214433,
              40.494679
            ],
            [
              -74.214373,
              40.494695
            ],
            [
              -74.214063,
              40.494794
            ],
            [
              -74.213262,
              40.494969
            ],
            [
              -74.213242,
              40.494975
            ],
            [
              -74.211084,
              40.495827
            ],
            [
              -74.211066,
              40.495836
            ],
            [
              -74.210054,
              40.496402
            ],
            [
              -74.210038,
              40.496412
            ],
            [
              -74.208812,
              40.497298
            ],
            [
              -74.2088,
              40.497308
            ],
            [
              -74.208122,
              40.497926
            ],
            [
              -74.208112,
              40.497936
            ],
            [
              -74.207587,
              40.498587
            ],
            [
              -74.207578,
              40.498582
            ],
            [
              -74.20746,
              40.498715
            ],
            [
              -74.20588,
              40.499539
            ],
            [
              -74.204209,
              40.500862
            ],
            [
              -74.203699,
              40.50148
            ],
            [
              -74.203481,
              40.501661
            ],
            [
              -74.203453,
              40.501687
            ],
            [
              -74.202904,
              40.502244
            ],
            [
              -74.202829,
              40.502315
            ],
            [
              -74.202802,
              40.502302
            ],
            [
              -74.201426,
              40.501748
            ],
            [
              -74.201338,
              40.501718
            ],
            [
              -74.2007,
              40.501517
            ],
            [
              -74.20061,
              40.501491
            ],
            [
              -74.19966,
              40.501251
            ],
            [
              -74.199568,
              40.501231
            ],
            [
              -74.198568,
              40.501049
            ],
            [
              -74.198473,
              40.501035
            ],
            [
              -74.197524,
              40.500925
            ],
            [
              -74.197429,
              40.500917
            ],
            [
              -74.196613,
              40.50087
            ],
            [
              -74.196517,
              40.500867
            ],
            [
              -74.195545,
              40.500867
            ],
            [
              -74.195449,
              40.50087
            ],
            [
              -74.193369,
              40.501077
            ],
            [
              -74.192647,
              40.501199
            ],
            [
              -74.190167,
              40.501844
            ],
            [
              -74.187935,
              40.502889
            ],
            [
              -74.186818,
              40.503552
            ],
            [
              -74.185339,
              40.504595
            ],
            [
              -74.184115,
              40.505815
            ],
            [
              -74.183654,
              40.506486
            ],
            [
              -74.183136,
              40.506917
            ],
            [
              -74.182932,
              40.50709
            ],
            [
              -74.18286,
              40.507153
            ],
            [
              -74.182268,
              40.507715
            ],
            [
              -74.182257,
              40.507727
            ],
            [
              -74.18054,
              40.508682
            ],
            [
              -74.180536,
              40.508685
            ],
            [
              -74.179427,
              40.509644
            ],
            [
              -74.179425,
              40.509646
            ],
            [
              -74.178935,
              40.510317
            ],
            [
              -74.177594,
              40.510236
            ],
            [
              -74.17759,
              40.510236
            ],
            [
              -74.175475,
              40.510381
            ],
            [
              -74.173428,
              40.510811
            ],
            [
              -74.173421,
              40.510813
            ],
            [
              -74.171132,
              40.511693
            ],
            [
              -74.169146,
              40.512927
            ],
            [
              -74.167805,
              40.514219
            ],
            [
              -74.166383,
              40.514482
            ],
            [
              -74.166234,
              40.51452
            ],
            [
              -74.163845,
              40.515437
            ],
            [
              -74.163824,
              40.515408
            ],
            [
              -74.163622,
              40.515493
            ],
            [
              -74.163583,
              40.515511
            ],
            [
              -74.163576,
              40.515501
            ],
            [
              -74.163424,
              40.515573
            ],
            [
              -74.163213,
              40.515679
            ],
            [
              -74.163094,
              40.515731
            ],
            [
              -74.162952,
              40.515793
            ],
            [
              -74.162789,
              40.515881
            ],
            [
              -74.162731,
              40.515908
            ],
            [
              -74.162581,
              40.515985
            ],
            [
              -74.162586,
              40.515991
            ],
            [
              -74.161088,
              40.5168
            ],
            [
              -74.16074,
              40.51703
            ],
            [
              -74.160062,
              40.517452
            ],
            [
              -74.159903,
              40.517553
            ],
            [
              -74.15946,
              40.517839
            ],
            [
              -74.159157,
              40.517965
            ],
            [
              -74.159037,
              40.518022
            ],
            [
              -74.158593,
              40.518271
            ],
            [
              -74.158255,
              40.518374
            ],
            [
              -74.158247,
              40.518378
            ],
            [
              -74.156026,
              40.518748
            ],
            [
              -74.153862,
              40.519474
            ],
            [
              -74.153556,
              40.519606
            ],
            [
              -74.152871,
              40.52
            ],
            [
              -74.15276,
              40.520045
            ],
            [
              -74.151952,
              40.520214
            ],
            [
              -74.149891,
              40.520997
            ],
            [
              -74.148069,
              40.522069
            ],
            [
              -74.148016,
              40.522107
            ],
            [
              -74.146704,
              40.523253
            ],
            [
              -74.145586,
              40.522506
            ],
            [
              -74.145499,
              40.52246
            ],
            [
              -74.144727,
              40.522085
            ],
            [
              -74.144635,
              40.522044
            ],
            [
              -74.143886,
              40.521737
            ],
            [
              -74.14379,
              40.521701
            ],
            [
              -74.142936,
              40.521412
            ],
            [
              -74.142837,
              40.521382
            ],
            [
              -74.142119,
              40.521185
            ],
            [
              -74.142018,
              40.52116
            ],
            [
              -74.141875,
              40.521128
            ],
            [
              -74.141779,
              40.521086
            ],
            [
              -74.139589,
              40.520523
            ],
            [
              -74.137296,
              40.520294
            ],
            [
              -74.134988,
              40.520408
            ],
            [
              -74.132754,
              40.520861
            ],
            [
              -74.130678,
              40.521637
            ],
            [
              -74.129958,
              40.521976
            ],
            [
              -74.128002,
              40.523128
            ],
            [
              -74.127126,
              40.523766
            ],
            [
              -74.125452,
              40.524964
            ],
            [
              -74.123948,
              40.526271
            ],
            [
              -74.121095,
              40.529295
            ],
            [
              -74.120393,
              40.530134
            ],
            [
              -74.117304,
              40.534317
            ],
            [
              -74.117141,
              40.534547
            ],
            [
              -74.116081,
              40.536084
            ],
            [
              -74.115707,
              40.536549
            ],
            [
              -74.115202,
              40.537154
            ],
            [
              -74.11516,
              40.537168
            ],
            [
              -74.114372,
              40.53746
            ],
            [
              -74.114281,
              40.537497
            ],
            [
              -74.113359,
              40.537914
            ],
            [
              -74.113273,
              40.537957
            ],
            [
              -74.112408,
              40.538434
            ],
            [
              -74.112327,
              40.538483
            ],
            [
              -74.111765,
              40.538848
            ],
            [
              -74.111592,
              40.538852
            ],
            [
              -74.109462,
              40.5392
            ],
            [
              -74.107452,
              40.53984
            ],
            [
              -74.107358,
              40.539878
            ],
            [
              -74.106271,
              40.540376
            ],
            [
              -74.106143,
              40.540442
            ],
            [
              -74.10463,
              40.541369
            ],
            [
              -74.103336,
              40.542472
            ],
            [
              -74.102298,
              40.54372
            ],
            [
              -74.101851,
              40.54437
            ],
            [
              -74.100369,
              40.5447
            ],
            [
              -74.098238,
              40.545564
            ],
            [
              -74.096382,
              40.546738
            ],
            [
              -74.095074,
              40.547988
            ],
            [
              -74.094145,
              40.548436
            ],
            [
              -74.092523,
              40.549595
            ],
            [
              -74.092472,
              40.549639
            ],
            [
              -74.091131,
              40.551051
            ],
            [
              -74.090545,
              40.552017
            ],
            [
              -74.089805,
              40.552436
            ],
            [
              -74.089778,
              40.552455
            ],
            [
              -74.088456,
              40.553553
            ],
            [
              -74.08739,
              40.554802
            ],
            [
              -74.087366,
              40.554836
            ],
            [
              -74.086947,
              40.555599
            ],
            [
              -74.086344,
              40.555919
            ],
            [
              -74.084692,
              40.557245
            ],
            [
              -74.084617,
              40.557319
            ],
            [
              -74.083492,
              40.55866
            ],
            [
              -74.083143,
              40.559303
            ],
            [
              -74.083105,
              40.559351
            ],
            [
              -74.082845,
              40.559452
            ],
            [
              -74.081371,
              40.560335
            ],
            [
              -74.081287,
              40.560356
            ],
            [
              -74.079172,
              40.561305
            ],
            [
              -74.077361,
              40.562564
            ],
            [
              -74.07593,
              40.564081
            ],
            [
              -74.075906,
              40.564113
            ],
            [
              -74.074929,
              40.565794
            ],
            [
              -74.074777,
              40.566334
            ],
            [
              -74.074237,
              40.566758
            ],
            [
              -74.0738,
              40.566873
            ],
            [
              -74.071826,
              40.567748
            ],
            [
              -74.071753,
              40.567788
            ],
            [
              -74.069992,
              40.568972
            ],
            [
              -74.069091,
              40.569877
            ],
            [
              -74.068757,
              40.569958
            ],
            [
              -74.068751,
              40.56996
            ],
            [
              -74.068745,
              40.569962
            ],
            [
              -74.068739,
              40.569964
            ],
            [
              -74.06713,
              40.570675
            ],
            [
              -74.067099,
              40.570639
            ],
            [
              -74.066994,
              40.57069
            ],
            [
              -74.066651,
              40.570886
            ],
            [
              -74.066424,
              40.570987
            ],
            [
              -74.066217,
              40.571134
            ],
            [
              -74.065563,
              40.571508
            ],
            [
              -74.065557,
              40.571512
            ],
            [
              -74.065551,
              40.571516
            ],
            [
              -74.064642,
              40.572257
            ],
            [
              -74.064471,
              40.572379
            ],
            [
              -74.064452,
              40.572396
            ],
            [
              -74.064463,
              40.572403
            ],
            [
              -74.064377,
              40.572473
            ],
            [
              -74.063457,
              40.571568
            ],
            [
              -74.062619,
              40.570902
            ],
            [
              -74.061854,
              40.570399
            ],
            [
              -74.062552,
              40.568921
            ],
            [
              -74.062894,
              40.567197
            ],
            [
              -74.062897,
              40.567154
            ],
            [
              -74.062706,
              40.565003
            ],
            [
              -74.062574,
              40.564687
            ],
            [
              -74.062138,
              40.563253
            ],
            [
              -74.061564,
              40.562266
            ],
            [
              -74.061496,
              40.562125
            ],
            [
              -74.061429,
              40.562035
            ],
            [
              -74.061234,
              40.561699
            ],
            [
              -74.060934,
              40.561369
            ],
            [
              -74.060528,
              40.560824
            ],
            [
              -74.059289,
              40.559663
            ],
            [
              -74.058571,
              40.559094
            ],
            [
              -74.056574,
              40.557826
            ],
            [
              -74.054261,
              40.55692
            ],
            [
              -74.051742,
              40.55642
            ],
            [
              -74.049141,
              40.55635
            ],
            [
              -74.048351,
              40.556395
            ],
            [
              -74.046008,
              40.556711
            ],
            [
              -74.043795,
              40.557376
            ],
            [
              -74.041802,
              40.558364
            ],
            [
              -74.040109,
              40.559636
            ],
            [
              -74.038785,
              40.561138
            ],
            [
              -74.037884,
              40.562812
            ],
            [
              -74.037442,
              40.564589
            ],
            [
              -74.037476,
              40.566397
            ],
            [
              -74.037556,
              40.566922
            ],
            [
              -74.038149,
              40.568873
            ],
            [
              -74.039295,
              40.570677
            ],
            [
              -74.04094,
              40.572243
            ],
            [
              -74.041608,
              40.572751
            ],
            [
              -74.042722,
              40.573464
            ],
            [
              -74.042594,
              40.573614
            ],
            [
              -74.041735,
              40.575288
            ],
            [
              -74.04133,
              40.577058
            ],
            [
              -74.041122,
              40.579257
            ],
            [
              -74.041187,
              40.581044
            ],
            [
              -74.041716,
              40.582785
            ],
            [
              -74.042688,
              40.584413
            ],
            [
              -74.044064,
              40.585862
            ],
            [
              -74.044818,
              40.586509
            ],
            [
              -74.046617,
              40.587764
            ],
            [
              -74.048717,
              40.588712
            ],
            [
              -74.049652,
              40.588955
            ],
            [
              -74.049082,
              40.589659
            ],
            [
              -74.048047,
              40.590676
            ],
            [
              -74.047896,
              40.590806
            ],
            [
              -74.046691,
              40.591853
            ],
            [
              -74.044883,
              40.592703
            ],
            [
              -74.044837,
              40.592731
            ],
            [
              -74.042914,
              40.594209
            ],
            [
              -74.041489,
              40.595983
            ],
            [
              -74.041472,
              40.596011
            ],
            [
              -74.04062,
              40.597987
            ],
            [
              -74.040452,
              40.599501
            ],
            [
              -74.040434,
              40.599487
            ],
            [
              -74.038931,
              40.598538
            ],
            [
              -74.038834,
              40.598495
            ],
            [
              -74.03881,
              40.598479
            ],
            [
              -74.037565,
              40.597757
            ],
            [
              -74.037465,
              40.597707
            ],
            [
              -74.036663,
              40.597297
            ],
            [
              -74.035037,
              40.596601
            ],
            [
              -74.033287,
              40.596108
            ],
            [
              -74.032545,
              40.595948
            ],
            [
              -74.031217,
              40.595723
            ],
            [
              -74.027088,
              40.595211
            ],
            [
              -74.025342,
              40.594987
            ],
            [
              -74.02498,
              40.594791
            ],
            [
              -74.022704,
              40.594037
            ],
            [
              -74.021891,
              40.593842
            ],
            [
              -74.019554,
              40.593474
            ],
            [
              -74.018292,
              40.59347
            ],
            [
              -74.018205,
              40.593445
            ],
            [
              -74.017601,
              40.593268
            ],
            [
              -74.017493,
              40.593223
            ],
            [
              -74.017351,
              40.593165
            ],
            [
              -74.017278,
              40.593134
            ],
            [
              -74.0172,
              40.593099
            ],
            [
              -74.017161,
              40.593081
            ],
            [
              -74.017103,
              40.593053
            ],
            [
              -74.017028,
              40.593015
            ],
            [
              -74.016973,
              40.592986
            ],
            [
              -74.016911,
              40.592953
            ],
            [
              -74.016865,
              40.592927
            ],
            [
              -74.016745,
              40.592858
            ],
            [
              -74.016257,
              40.5926
            ],
            [
              -74.01596,
              40.592416
            ],
            [
              -74.015949,
              40.592409
            ],
            [
              -74.015257,
              40.591983
            ],
            [
              -74.013543,
              40.590904
            ],
            [
              -74.012706,
              40.590259
            ],
            [
              -74.012545,
              40.589965
            ],
            [
              -74.012791,
              40.589887
            ],
            [
              -74.012953,
              40.589832
            ],
            [
              -74.01346,
              40.589649
            ],
            [
              -74.013619,
              40.589588
            ],
            [
              -74.014099,
              40.589393
            ],
            [
              -74.014253,
              40.589327
            ],
            [
              -74.014853,
              40.589052
            ],
            [
              -74.015002,
              40.588979
            ],
            [
              -74.015329,
              40.588811
            ],
            [
              -74.016642,
              40.588323
            ],
            [
              -74.016802,
              40.58825
            ],
            [
              -74.017274,
              40.588023
            ],
            [
              -74.01743,
              40.587944
            ],
            [
              -74.017743,
              40.58778
            ],
            [
              -74.017896,
              40.587697
            ],
            [
              -74.018278,
              40.587481
            ],
            [
              -74.018439,
              40.587386
            ],
            [
              -74.018841,
              40.587138
            ],
            [
              -74.018996,
              40.587038
            ],
            [
              -74.019396,
              40.586768
            ],
            [
              -74.019546,
              40.586662
            ],
            [
              -74.019877,
              40.586418
            ],
            [
              -74.020021,
              40.586308
            ],
            [
              -74.020341,
              40.586054
            ],
            [
              -74.020479,
              40.58594
            ],
            [
              -74.020817,
              40.585648
            ],
            [
              -74.020949,
              40.585529
            ],
            [
              -74.021239,
              40.585258
            ],
            [
              -74.021364,
              40.585136
            ],
            [
              -74.021693,
              40.584798
            ],
            [
              -74.021811,
              40.584671
            ],
            [
              -74.022071,
              40.584379
            ],
            [
              -74.022182,
              40.584249
            ],
            [
              -74.022473,
              40.58389
            ],
            [
              -74.022576,
              40.583756
            ],
            [
              -74.023121,
              40.582959
            ],
            [
              -74.023521,
              40.582293
            ],
            [
              -74.023914,
              40.581445
            ],
            [
              -74.02392,
              40.581446
            ],
            [
              -74.023987,
              40.58132
            ],
            [
              -74.024009,
              40.581267
            ],
            [
              -74.024014,
              40.581269
            ],
            [
              -74.024076,
              40.581141
            ],
            [
              -74.02406,
              40.581136
            ],
            [
              -74.024083,
              40.58108
            ],
            [
              -74.024133,
              40.580971
            ],
            [
              -74.024149,
              40.580974
            ],
            [
              -74.024152,
              40.580967
            ],
            [
              -74.024155,
              40.58096
            ],
            [
              -74.02414,
              40.580956
            ],
            [
              -74.024229,
              40.580764
            ],
            [
              -74.024273,
              40.580632
            ],
            [
              -74.024261,
              40.580629
            ],
            [
              -74.024649,
              40.579648
            ],
            [
              -74.024872,
              40.577909
            ],
            [
              -74.024872,
              40.577856
            ],
            [
              -74.024774,
              40.576706
            ],
            [
              -74.024765,
              40.576653
            ],
            [
              -74.024139,
              40.574861
            ],
            [
              -74.024135,
              40.57484
            ],
            [
              -74.024098,
              40.574635
            ],
            [
              -74.024038,
              40.574338
            ],
            [
              -74.023992,
              40.574134
            ],
            [
              -74.023651,
              40.57304
            ],
            [
              -74.023344,
              40.572272
            ],
            [
              -74.02232,
              40.570457
            ],
            [
              -74.0208,
              40.568856
            ],
            [
              -74.020687,
              40.568761
            ],
            [
              -74.020666,
              40.568743
            ],
            [
              -74.019921,
              40.56812
            ],
            [
              -74.017948,
              40.5668
            ],
            [
              -74.01564,
              40.565844
            ],
            [
              -74.015196,
              40.565706
            ],
            [
              -74.015185,
              40.565702
            ],
            [
              -74.014546,
              40.565504
            ],
            [
              -74.012753,
              40.565071
            ],
            [
              -74.012263,
              40.565015
            ],
            [
              -74.010995,
              40.563664
            ],
            [
              -74.009279,
              40.562444
            ],
            [
              -74.007279,
              40.561505
            ],
            [
              -74.005075,
              40.560884
            ],
            [
              -74.002753,
              40.560607
            ],
            [
              -74.000405,
              40.560684
            ],
            [
              -74.000304,
              40.560695
            ],
            [
              -73.997909,
              40.561153
            ],
            [
              -73.99782,
              40.561186
            ],
            [
              -73.997071,
              40.561182
            ],
            [
              -73.996209,
              40.561062
            ],
            [
              -73.993994,
              40.561075
            ],
            [
              -73.993066,
              40.561214
            ],
            [
              -73.992926,
              40.561204
            ],
            [
              -73.991544,
              40.561309
            ],
            [
              -73.990921,
              40.561256
            ],
            [
              -73.988549,
              40.561419
            ],
            [
              -73.988474,
              40.56143
            ],
            [
              -73.988454,
              40.561434
            ],
            [
              -73.988177,
              40.561315
            ],
            [
              -73.985968,
              40.560758
            ],
            [
              -73.983658,
              40.56054
            ],
            [
              -73.981336,
              40.560669
            ],
            [
              -73.981245,
              40.560681
            ],
            [
              -73.979017,
              40.561149
            ],
            [
              -73.976951,
              40.561937
            ],
            [
              -73.976429,
              40.562246
            ],
            [
              -73.976199,
              40.562248
            ],
            [
              -73.975092,
              40.562451
            ],
            [
              -73.973097,
              40.562601
            ],
            [
              -73.972717,
              40.562688
            ],
            [
              -73.971436,
              40.56274
            ],
            [
              -73.970171,
              40.56299
            ],
            [
              -73.970048,
              40.56299
            ],
            [
              -73.967942,
              40.563292
            ],
            [
              -73.967373,
              40.563459
            ],
            [
              -73.965785,
              40.563704
            ],
            [
              -73.963676,
              40.564368
            ],
            [
              -73.963274,
              40.564571
            ],
            [
              -73.962722,
              40.564616
            ],
            [
              -73.962675,
              40.56462
            ],
            [
              -73.961778,
              40.564696
            ],
            [
              -73.961709,
              40.564701
            ],
            [
              -73.961402,
              40.564627
            ],
            [
              -73.958986,
              40.564438
            ],
            [
              -73.956569,
              40.564627
            ],
            [
              -73.955713,
              40.564835
            ],
            [
              -73.955431,
              40.564832
            ],
            [
              -73.955397,
              40.564834
            ],
            [
              -73.953111,
              40.565142
            ],
            [
              -73.953108,
              40.565142
            ],
            [
              -73.95251,
              40.56516
            ],
            [
              -73.952067,
              40.565238
            ],
            [
              -73.952039,
              40.565237
            ],
            [
              -73.951823,
              40.565247
            ],
            [
              -73.950175,
              40.565507
            ],
            [
              -73.949275,
              40.565567
            ],
            [
              -73.949014,
              40.565601
            ],
            [
              -73.949006,
              40.565603
            ],
            [
              -73.948937,
              40.56561
            ],
            [
              -73.948939,
              40.565618
            ],
            [
              -73.948504,
              40.565623
            ],
            [
              -73.946659,
              40.565943
            ],
            [
              -73.946093,
              40.566004
            ],
            [
              -73.945411,
              40.566078
            ],
            [
              -73.944986,
              40.566132
            ],
            [
              -73.944623,
              40.566159
            ],
            [
              -73.943896,
              40.566255
            ],
            [
              -73.943633,
              40.56631
            ],
            [
              -73.94273,
              40.566364
            ],
            [
              -73.942473,
              40.566412
            ],
            [
              -73.942008,
              40.566389
            ],
            [
              -73.93846,
              40.566503
            ],
            [
              -73.937961,
              40.566519
            ],
            [
              -73.937896,
              40.566514
            ],
            [
              -73.937795,
              40.566488
            ],
            [
              -73.937014,
              40.566401
            ],
            [
              -73.937327,
              40.566188
            ],
            [
              -73.93745,
              40.566174
            ],
            [
              -73.937561,
              40.566158
            ],
            [
              -73.938368,
              40.566019
            ],
            [
              -73.938448,
              40.566003
            ],
            [
              -73.939007,
              40.56588
            ],
            [
              -73.939086,
              40.565861
            ],
            [
              -73.93981,
              40.565667
            ],
            [
              -73.939908,
              40.565638
            ],
            [
              -73.940534,
              40.565437
            ],
            [
              -73.940629,
              40.565404
            ],
            [
              -73.941474,
              40.565078
            ],
            [
              -73.941566,
              40.565039
            ],
            [
              -73.941671,
              40.564992
            ],
            [
              -73.941735,
              40.564966
            ],
            [
              -73.941967,
              40.564869
            ],
            [
              -73.942221,
              40.56476
            ],
            [
              -73.942455,
              40.564657
            ],
            [
              -73.942707,
              40.564543
            ],
            [
              -73.942934,
              40.564438
            ],
            [
              -73.943182,
              40.56432
            ],
            [
              -73.943407,
              40.56421
            ],
            [
              -73.943699,
              40.564064
            ],
            [
              -73.943961,
              40.563929
            ],
            [
              -73.944248,
              40.563777
            ],
            [
              -73.94452,
              40.563629
            ],
            [
              -73.944801,
              40.563471
            ],
            [
              -73.945024,
              40.563342
            ],
            [
              -73.9453,
              40.563179
            ],
            [
              -73.945562,
              40.56302
            ],
            [
              -73.945832,
              40.562851
            ],
            [
              -73.945999,
              40.562745
            ],
            [
              -73.946176,
              40.56263
            ],
            [
              -73.946365,
              40.562504
            ],
            [
              -73.946539,
              40.562386
            ],
            [
              -73.94672,
              40.562261
            ],
            [
              -73.946894,
              40.562138
            ],
            [
              -73.94727,
              40.56186
            ],
            [
              -73.947437,
              40.561731
            ],
            [
              -73.94771,
              40.561513
            ],
            [
              -73.947871,
              40.56138
            ],
            [
              -73.948159,
              40.561132
            ],
            [
              -73.948313,
              40.560995
            ],
            [
              -73.948665,
              40.560667
            ],
            [
              -73.948811,
              40.560524
            ],
            [
              -73.949072,
              40.560259
            ],
            [
              -73.949211,
              40.560112
            ],
            [
              -73.94946,
              40.559837
            ],
            [
              -73.949591,
              40.559687
            ],
            [
              -73.949865,
              40.559358
            ],
            [
              -73.949988,
              40.559203
            ],
            [
              -73.95021,
              40.558912
            ],
            [
              -73.950325,
              40.558754
            ],
            [
              -73.950546,
              40.558435
            ],
            [
              -73.950653,
              40.558273
            ],
            [
              -73.950851,
              40.557957
            ],
            [
              -73.950949,
              40.557793
            ],
            [
              -73.951135,
              40.557466
            ],
            [
              -73.951225,
              40.557298
            ],
            [
              -73.951391,
              40.556969
            ],
            [
              -73.951472,
              40.556799
            ],
            [
              -73.951642,
              40.556415
            ],
            [
              -73.951713,
              40.556242
            ],
            [
              -73.951826,
              40.55595
            ],
            [
              -73.951889,
              40.555776
            ],
            [
              -73.952004,
              40.555432
            ],
            [
              -73.952058,
              40.555256
            ],
            [
              -73.952154,
              40.554911
            ],
            [
              -73.952199,
              40.554733
            ],
            [
              -73.952283,
              40.554358
            ],
            [
              -73.952318,
              40.554179
            ],
            [
              -73.952376,
              40.553839
            ],
            [
              -73.952402,
              40.553659
            ],
            [
              -73.952442,
              40.553321
            ],
            [
              -73.952459,
              40.553141
            ],
            [
              -73.952484,
              40.552762
            ],
            [
              -73.952491,
              40.552581
            ],
            [
              -73.952496,
              40.552241
            ],
            [
              -73.952494,
              40.55206
            ],
            [
              -73.952479,
              40.551683
            ],
            [
              -73.952467,
              40.551502
            ],
            [
              -73.952436,
              40.55116
            ],
            [
              -73.952415,
              40.55098
            ],
            [
              -73.952366,
              40.550638
            ],
            [
              -73.952336,
              40.550459
            ],
            [
              -73.952264,
              40.55009
            ],
            [
              -73.952226,
              40.54992
            ],
            [
              -73.952017,
              40.548977
            ],
            [
              -73.952006,
              40.548927
            ],
            [
              -73.951964,
              40.548745
            ],
            [
              -73.951965,
              40.548342
            ],
            [
              -73.952539,
              40.542488
            ],
            [
              -73.952471,
              40.540651
            ],
            [
              -73.951913,
              40.538863
            ],
            [
              -73.950889,
              40.537199
            ],
            [
              -73.949441,
              40.535727
            ],
            [
              -73.947629,
              40.53451
            ],
            [
              -73.94553,
              40.533598
            ],
            [
              -73.943231,
              40.533029
            ],
            [
              -73.940828,
              40.532827
            ],
            [
              -73.938421,
              40.533001
            ],
            [
              -73.938243,
              40.533028
            ],
            [
              -73.936125,
              40.533509
            ],
            [
              -73.934162,
              40.534281
            ],
            [
              -73.932422,
              40.535317
            ],
            [
              -73.931447,
              40.536163
            ],
            [
              -73.931218,
              40.536287
            ],
            [
              -73.931205,
              40.536294
            ],
            [
              -73.931124,
              40.536334
            ],
            [
              -73.931041,
              40.536372
            ],
            [
              -73.930951,
              40.536412
            ],
            [
              -73.930876,
              40.536443
            ],
            [
              -73.930784,
              40.53648
            ],
            [
              -73.930667,
              40.536523
            ],
            [
              -73.930583,
              40.536553
            ],
            [
              -73.930492,
              40.536583
            ],
            [
              -73.930389,
              40.536616
            ],
            [
              -73.930297,
              40.536643
            ],
            [
              -73.930072,
              40.536704
            ],
            [
              -73.929181,
              40.53698
            ],
            [
              -73.927666,
              40.537504
            ],
            [
              -73.927471,
              40.537573
            ],
            [
              -73.92545,
              40.538306
            ],
            [
              -73.925022,
              40.538469
            ],
            [
              -73.923347,
              40.539141
            ],
            [
              -73.922626,
              40.539455
            ],
            [
              -73.921858,
              40.539818
            ],
            [
              -73.921154,
              40.540099
            ],
            [
              -73.914462,
              40.54248
            ],
            [
              -73.913303,
              40.542954
            ],
            [
              -73.913249,
              40.542979
            ],
            [
              -73.913212,
              40.542991
            ],
            [
              -73.911927,
              40.543474
            ],
            [
              -73.911134,
              40.543819
            ],
            [
              -73.910901,
              40.543923
            ],
            [
              -73.91052,
              40.544098
            ],
            [
              -73.906414,
              40.545677
            ],
            [
              -73.903489,
              40.546792
            ],
            [
              -73.902506,
              40.547212
            ],
            [
              -73.902342,
              40.54729
            ],
            [
              -73.902301,
              40.547309
            ],
            [
              -73.902245,
              40.547332
            ],
            [
              -73.902196,
              40.547352
            ],
            [
              -73.902138,
              40.547374
            ],
            [
              -73.902092,
              40.54739
            ],
            [
              -73.90207,
              40.547397
            ],
            [
              -73.902022,
              40.547412
            ],
            [
              -73.901819,
              40.547469
            ],
            [
              -73.901742,
              40.547493
            ],
            [
              -73.901417,
              40.547451
            ],
            [
              -73.899125,
              40.547498
            ],
            [
              -73.898363,
              40.547627
            ],
            [
              -73.897792,
              40.547665
            ],
            [
              -73.897432,
              40.547737
            ],
            [
              -73.896183,
              40.54769
            ],
            [
              -73.896166,
              40.547691
            ],
            [
              -73.893424,
              40.548104
            ],
            [
              -73.893064,
              40.54823
            ],
            [
              -73.892432,
              40.548286
            ],
            [
              -73.890307,
              40.548796
            ],
            [
              -73.890279,
              40.548805
            ],
            [
              -73.889534,
              40.549117
            ],
            [
              -73.887594,
              40.549568
            ],
            [
              -73.88637,
              40.550066
            ],
            [
              -73.885271,
              40.550306
            ],
            [
              -73.884327,
              40.550676
            ],
            [
              -73.883284,
              40.550855
            ],
            [
              -73.881641,
              40.5514
            ],
            [
              -73.881464,
              40.551428
            ],
            [
              -73.879521,
              40.552016
            ],
            [
              -73.879458,
              40.552046
            ],
            [
              -73.87943,
              40.552049
            ],
            [
              -73.877421,
              40.552592
            ],
            [
              -73.876971,
              40.552789
            ],
            [
              -73.876229,
              40.55293
            ],
            [
              -73.876204,
              40.552937
            ],
            [
              -73.874245,
              40.553646
            ],
            [
              -73.87352,
              40.554047
            ],
            [
              -73.873276,
              40.554131
            ],
            [
              -73.87313,
              40.554198
            ],
            [
              -73.87303,
              40.554237
            ],
            [
              -73.873006,
              40.554246
            ],
            [
              -73.872921,
              40.554278
            ],
            [
              -73.872509,
              40.554451
            ],
            [
              -73.872044,
              40.55459
            ],
            [
              -73.87202,
              40.554602
            ],
            [
              -73.871735,
              40.554592
            ],
            [
              -73.869386,
              40.554874
            ],
            [
              -73.869366,
              40.554878
            ],
            [
              -73.867243,
              40.555473
            ],
            [
              -73.86708,
              40.555547
            ],
            [
              -73.865348,
              40.555998
            ],
            [
              -73.865325,
              40.556006
            ],
            [
              -73.86338,
              40.556866
            ],
            [
              -73.861772,
              40.55724
            ],
            [
              -73.860637,
              40.557699
            ],
            [
              -73.859853,
              40.557772
            ],
            [
              -73.857179,
              40.558544
            ],
            [
              -73.857169,
              40.558548
            ],
            [
              -73.855331,
              40.559458
            ],
            [
              -73.854587,
              40.559998
            ],
            [
              -73.854093,
              40.560159
            ],
            [
              -73.853959,
              40.560208
            ],
            [
              -73.853918,
              40.560223
            ],
            [
              -73.853352,
              40.560432
            ],
            [
              -73.8532,
              40.560489
            ],
            [
              -73.852944,
              40.560587
            ],
            [
              -73.851881,
              40.56105
            ],
            [
              -73.851308,
              40.561257
            ],
            [
              -73.851283,
              40.561268
            ],
            [
              -73.85065,
              40.561459
            ],
            [
              -73.850381,
              40.561551
            ],
            [
              -73.850335,
              40.561566
            ],
            [
              -73.85015,
              40.56163
            ],
            [
              -73.849694,
              40.561828
            ],
            [
              -73.849035,
              40.562059
            ],
            [
              -73.849033,
              40.562056
            ],
            [
              -73.848973,
              40.562079
            ],
            [
              -73.848905,
              40.562097
            ],
            [
              -73.848378,
              40.562234
            ],
            [
              -73.846609,
              40.562819
            ],
            [
              -73.846248,
              40.562966
            ],
            [
              -73.845863,
              40.56314
            ],
            [
              -73.845586,
              40.563225
            ],
            [
              -73.845291,
              40.563321
            ],
            [
              -73.844789,
              40.563495
            ],
            [
              -73.844531,
              40.56359
            ],
            [
              -73.844222,
              40.563708
            ],
            [
              -73.84402,
              40.563788
            ],
            [
              -73.844023,
              40.563792
            ],
            [
              -73.843744,
              40.563902
            ],
            [
              -73.843743,
              40.5639
            ],
            [
              -73.843581,
              40.563961
            ],
            [
              -73.843518,
              40.563991
            ],
            [
              -73.843505,
              40.563996
            ],
            [
              -73.842819,
              40.564236
            ],
            [
              -73.842192,
              40.564472
            ],
            [
              -73.841577,
              40.564721
            ],
            [
              -73.841184,
              40.564869
            ],
            [
              -73.840584,
              40.565066
            ],
            [
              -73.83998,
              40.565279
            ],
            [
              -73.839236,
              40.565561
            ],
            [
              -73.838692,
              40.565767
            ],
            [
              -73.837977,
              40.566014
            ],
            [
              -73.83715,
              40.566301
            ],
            [
              -73.836545,
              40.566511
            ],
            [
              -73.835683,
              40.566798
            ],
            [
              -73.83486,
              40.567072
            ],
            [
              -73.834246,
              40.567277
            ],
            [
              -73.834099,
              40.567323
            ],
            [
              -73.833645,
              40.567474
            ],
            [
              -73.83346,
              40.567539
            ],
            [
              -73.833347,
              40.567589
            ],
            [
              -73.833234,
              40.56762
            ],
            [
              -73.83301,
              40.567695
            ],
            [
              -73.831342,
              40.568379
            ],
            [
              -73.831218,
              40.568452
            ],
            [
              -73.831184,
              40.568467
            ],
            [
              -73.831081,
              40.568512
            ],
            [
              -73.831012,
              40.568543
            ],
            [
              -73.830989,
              40.568553
            ],
            [
              -73.830361,
              40.568837
            ],
            [
              -73.829846,
              40.569023
            ],
            [
              -73.829547,
              40.569153
            ],
            [
              -73.829343,
              40.569241
            ],
            [
              -73.828946,
              40.569403
            ],
            [
              -73.828577,
              40.56957
            ],
            [
              -73.828539,
              40.569582
            ],
            [
              -73.828205,
              40.569696
            ],
            [
              -73.82815,
              40.569714
            ],
            [
              -73.82765,
              40.569861
            ],
            [
              -73.827648,
              40.569856
            ],
            [
              -73.827417,
              40.569926
            ],
            [
              -73.827384,
              40.569939
            ],
            [
              -73.827347,
              40.56995
            ],
            [
              -73.82732,
              40.569959
            ],
            [
              -73.827278,
              40.569973
            ],
            [
              -73.827083,
              40.570016
            ],
            [
              -73.825994,
              40.570206
            ],
            [
              -73.82589,
              40.570231
            ],
            [
              -73.824876,
              40.570514
            ],
            [
              -73.824688,
              40.570574
            ],
            [
              -73.824462,
              40.570652
            ],
            [
              -73.824417,
              40.570664
            ],
            [
              -73.824348,
              40.570683
            ],
            [
              -73.824231,
              40.570709
            ],
            [
              -73.823527,
              40.570883
            ],
            [
              -73.823145,
              40.570988
            ],
            [
              -73.822374,
              40.571283
            ],
            [
              -73.822316,
              40.571298
            ],
            [
              -73.821834,
              40.571435
            ],
            [
              -73.821625,
              40.571499
            ],
            [
              -73.820545,
              40.571791
            ],
            [
              -73.820334,
              40.571859
            ],
            [
              -73.819861,
              40.572059
            ],
            [
              -73.818921,
              40.572348
            ],
            [
              -73.818788,
              40.572396
            ],
            [
              -73.818383,
              40.572533
            ],
            [
              -73.818322,
              40.572554
            ],
            [
              -73.818162,
              40.572609
            ],
            [
              -73.817849,
              40.572669
            ],
            [
              -73.817009,
              40.572866
            ],
            [
              -73.816529,
              40.572998
            ],
            [
              -73.816526,
              40.572991
            ],
            [
              -73.81606,
              40.573112
            ],
            [
              -73.815672,
              40.573203
            ],
            [
              -73.815557,
              40.573232
            ],
            [
              -73.81442,
              40.573569
            ],
            [
              -73.814312,
              40.573606
            ],
            [
              -73.814215,
              40.573643
            ],
            [
              -73.814076,
              40.573676
            ],
            [
              -73.813865,
              40.573727
            ],
            [
              -73.813572,
              40.573801
            ],
            [
              -73.813395,
              40.573847
            ],
            [
              -73.813113,
              40.573922
            ],
            [
              -73.812746,
              40.574025
            ],
            [
              -73.812566,
              40.574078
            ],
            [
              -73.812227,
              40.574188
            ],
            [
              -73.812139,
              40.57421
            ],
            [
              -73.811742,
              40.57431
            ],
            [
              -73.810373,
              40.574725
            ],
            [
              -73.810352,
              40.574733
            ],
            [
              -73.810326,
              40.574742
            ],
            [
              -73.810012,
              40.574778
            ],
            [
              -73.808754,
              40.574848
            ],
            [
              -73.808741,
              40.574849
            ],
            [
              -73.808635,
              40.574855
            ],
            [
              -73.806834,
              40.575063
            ],
            [
              -73.806717,
              40.575091
            ],
            [
              -73.80623,
              40.575104
            ],
            [
              -73.806139,
              40.575114
            ],
            [
              -73.803987,
              40.575572
            ],
            [
              -73.80397,
              40.575531
            ],
            [
              -73.803847,
              40.575561
            ],
            [
              -73.8034,
              40.575678
            ],
            [
              -73.803364,
              40.575688
            ],
            [
              -73.80304,
              40.575788
            ],
            [
              -73.802152,
              40.575913
            ],
            [
              -73.801933,
              40.575964
            ],
            [
              -73.801902,
              40.575973
            ],
            [
              -73.801536,
              40.575993
            ],
            [
              -73.79981,
              40.576293
            ],
            [
              -73.799746,
              40.576308
            ],
            [
              -73.79907,
              40.576516
            ],
            [
              -73.799068,
              40.576512
            ],
            [
              -73.798858,
              40.576566
            ],
            [
              -73.798694,
              40.576609
            ],
            [
              -73.798579,
              40.57664
            ],
            [
              -73.798343,
              40.576711
            ],
            [
              -73.797102,
              40.576893
            ],
            [
              -73.796982,
              40.576924
            ],
            [
              -73.796907,
              40.576951
            ],
            [
              -73.794762,
              40.577302
            ],
            [
              -73.794518,
              40.577386
            ],
            [
              -73.794326,
              40.577437
            ],
            [
              -73.793991,
              40.577459
            ],
            [
              -73.792937,
              40.577671
            ],
            [
              -73.792495,
              40.577732
            ],
            [
              -73.792245,
              40.577777
            ],
            [
              -73.792219,
              40.577782
            ],
            [
              -73.792186,
              40.577788
            ],
            [
              -73.791438,
              40.577971
            ],
            [
              -73.791409,
              40.577974
            ],
            [
              -73.790405,
              40.578191
            ],
            [
              -73.790226,
              40.578216
            ],
            [
              -73.790093,
              40.578238
            ],
            [
              -73.789747,
              40.578299
            ],
            [
              -73.789652,
              40.578317
            ],
            [
              -73.789345,
              40.578394
            ],
            [
              -73.789161,
              40.578403
            ],
            [
              -73.78913,
              40.578407
            ],
            [
              -73.78877,
              40.578489
            ],
            [
              -73.787965,
              40.578478
            ],
            [
              -73.785941,
              40.57872
            ],
            [
              -73.78576,
              40.578754
            ],
            [
              -73.783602,
              40.579332
            ],
            [
              -73.783332,
              40.579453
            ],
            [
              -73.782782,
              40.579564
            ],
            [
              -73.782661,
              40.579584
            ],
            [
              -73.782376,
              40.579623
            ],
            [
              -73.78231,
              40.579634
            ],
            [
              -73.782168,
              40.579658
            ],
            [
              -73.782066,
              40.579676
            ],
            [
              -73.781975,
              40.579693
            ],
            [
              -73.781882,
              40.579709
            ],
            [
              -73.78152,
              40.57978
            ],
            [
              -73.7814,
              40.579805
            ],
            [
              -73.780563,
              40.580005
            ],
            [
              -73.780415,
              40.580045
            ],
            [
              -73.780266,
              40.580086
            ],
            [
              -73.779943,
              40.580177
            ],
            [
              -73.779931,
              40.580181
            ],
            [
              -73.779605,
              40.580264
            ],
            [
              -73.779405,
              40.58032
            ],
            [
              -73.779,
              40.580468
            ],
            [
              -73.778999,
              40.580468
            ],
            [
              -73.778298,
              40.580632
            ],
            [
              -73.777561,
              40.580685
            ],
            [
              -73.777497,
              40.580692
            ],
            [
              -73.775779,
              40.58098
            ],
            [
              -73.775722,
              40.580993
            ],
            [
              -73.775151,
              40.581158
            ],
            [
              -73.774174,
              40.581289
            ],
            [
              -73.774082,
              40.581292
            ],
            [
              -73.77382,
              40.581302
            ],
            [
              -73.772401,
              40.581439
            ],
            [
              -73.772067,
              40.581454
            ],
            [
              -73.77201,
              40.581458
            ],
            [
              -73.771653,
              40.581488
            ],
            [
              -73.771205,
              40.581514
            ],
            [
              -73.771156,
              40.581518
            ],
            [
              -73.770565,
              40.581578
            ],
            [
              -73.770563,
              40.581578
            ],
            [
              -73.769166,
              40.581656
            ],
            [
              -73.769139,
              40.581659
            ],
            [
              -73.768338,
              40.58177
            ],
            [
              -73.767147,
              40.581757
            ],
            [
              -73.767046,
              40.581763
            ],
            [
              -73.76575,
              40.581895
            ],
            [
              -73.765543,
              40.581925
            ],
            [
              -73.764969,
              40.58202
            ],
            [
              -73.764828,
              40.582046
            ],
            [
              -73.764792,
              40.582054
            ],
            [
              -73.764756,
              40.582059
            ],
            [
              -73.764447,
              40.582094
            ],
            [
              -73.764346,
              40.582107
            ],
            [
              -73.763222,
              40.582295
            ],
            [
              -73.763125,
              40.582315
            ],
            [
              -73.762808,
              40.582394
            ],
            [
              -73.762726,
              40.582406
            ],
            [
              -73.762545,
              40.582435
            ],
            [
              -73.762184,
              40.582497
            ],
            [
              -73.761836,
              40.582561
            ],
            [
              -73.761749,
              40.582578
            ],
            [
              -73.761667,
              40.582589
            ],
            [
              -73.761544,
              40.582606
            ],
            [
              -73.761339,
              40.582636
            ],
            [
              -73.761271,
              40.582627
            ],
            [
              -73.760924,
              40.582616
            ],
            [
              -73.760918,
              40.582615
            ],
            [
              -73.760794,
              40.582597
            ],
            [
              -73.760782,
              40.582595
            ],
            [
              -73.760782,
              40.582595
            ],
            [
              -73.760781,
              40.582595
            ],
            [
              -73.760629,
              40.582573
            ],
            [
              -73.760238,
              40.582475
            ],
            [
              -73.760168,
              40.582459
            ],
            [
              -73.759466,
              40.582317
            ],
            [
              -73.75941,
              40.582307
            ],
            [
              -73.759343,
              40.582298
            ],
            [
              -73.758817,
              40.582147
            ],
            [
              -73.758752,
              40.582135
            ],
            [
              -73.757322,
              40.581941
            ],
            [
              -73.757288,
              40.581938
            ],
            [
              -73.756384,
              40.581885
            ],
            [
              -73.756182,
              40.581879
            ],
            [
              -73.755843,
              40.581875
            ],
            [
              -73.755716,
              40.58187
            ],
            [
              -73.75567,
              40.581869
            ],
            [
              -73.755019,
              40.581869
            ],
            [
              -73.754969,
              40.58187
            ],
            [
              -73.754604,
              40.581882
            ],
            [
              -73.75459,
              40.581882
            ],
            [
              -73.754426,
              40.581888
            ],
            [
              -73.754146,
              40.581912
            ],
            [
              -73.753993,
              40.581909
            ],
            [
              -73.753956,
              40.581909
            ],
            [
              -73.752426,
              40.582029
            ],
            [
              -73.752419,
              40.581988
            ],
            [
              -73.752077,
              40.582021
            ],
            [
              -73.751916,
              40.582037
            ],
            [
              -73.751888,
              40.58204
            ],
            [
              -73.75075,
              40.582205
            ],
            [
              -73.750712,
              40.582212
            ],
            [
              -73.749745,
              40.582458
            ],
            [
              -73.749314,
              40.582543
            ],
            [
              -73.748342,
              40.582718
            ],
            [
              -73.748279,
              40.582733
            ],
            [
              -73.747021,
              40.583134
            ],
            [
              -73.747003,
              40.583103
            ],
            [
              -73.746889,
              40.583141
            ],
            [
              -73.746429,
              40.583323
            ],
            [
              -73.74623,
              40.583386
            ],
            [
              -73.746171,
              40.58341
            ],
            [
              -73.746179,
              40.583422
            ],
            [
              -73.745499,
              40.583691
            ],
            [
              -73.745408,
              40.583733
            ],
            [
              -73.743862,
              40.584583
            ],
            [
              -73.743785,
              40.584633
            ],
            [
              -73.742517,
              40.585613
            ],
            [
              -73.741809,
              40.585521
            ],
            [
              -73.740981,
              40.585531
            ],
            [
              -73.740788,
              40.585492
            ],
            [
              -73.740749,
              40.585487
            ],
            [
              -73.740239,
              40.585462
            ],
            [
              -73.740021,
              40.58544
            ],
            [
              -73.739985,
              40.585439
            ],
            [
              -73.739881,
              40.585444
            ],
            [
              -73.739458,
              40.585423
            ],
            [
              -73.738814,
              40.585362
            ],
            [
              -73.73853,
              40.585377
            ],
            [
              -73.738343,
              40.585368
            ],
            [
              -73.737989,
              40.585405
            ],
            [
              -73.736539,
              40.585481
            ],
            [
              -73.736502,
              40.585489
            ],
            [
              -73.736101,
              40.585498
            ],
            [
              -73.736091,
              40.585499
            ],
            [
              -73.733733,
              40.585925
            ],
            [
              -73.731538,
              40.586706
            ],
            [
              -73.729599,
              40.587811
            ],
            [
              -73.727996,
              40.589192
            ],
            [
              -73.726797,
              40.590792
            ],
            [
              -73.726053,
              40.592544
            ],
            [
              -73.725794,
              40.594374
            ],
            [
              -73.726031,
              40.596206
            ],
            [
              -73.726098,
              40.596458
            ],
            [
              -73.726128,
              40.596572
            ],
            [
              -73.726256,
              40.59705
            ],
            [
              -73.726297,
              40.597646
            ],
            [
              -73.726363,
              40.599003
            ],
            [
              -73.726181,
              40.600974
            ],
            [
              -73.726217,
              40.602543
            ],
            [
              -73.726371,
              40.603652
            ],
            [
              -73.726875,
              40.605464
            ],
            [
              -73.727857,
              40.60716
            ],
            [
              -73.728931,
              40.608592
            ],
            [
              -73.730147,
              40.609919
            ],
            [
              -73.731656,
              40.61106
            ],
            [
              -73.732174,
              40.611331
            ],
            [
              -73.732203,
              40.611357
            ],
            [
              -73.73255,
              40.612018
            ],
            [
              -73.733094,
              40.612655
            ],
            [
              -73.733166,
              40.61276
            ],
            [
              -73.733691,
              40.613683
            ],
            [
              -73.734228,
              40.614507
            ],
            [
              -73.734571,
              40.614973
            ],
            [
              -73.73473,
              40.615281
            ],
            [
              -73.734871,
              40.615531
            ],
            [
              -73.736042,
              40.617134
            ],
            [
              -73.737617,
              40.618523
            ],
            [
              -73.73953,
              40.61964
            ],
            [
              -73.741702,
              40.620441
            ],
            [
              -73.744042,
              40.62089
            ],
            [
              -73.744558,
              40.620907
            ],
            [
              -73.744656,
              40.62092
            ],
            [
              -73.744931,
              40.620998
            ],
            [
              -73.747126,
              40.621279
            ],
            [
              -73.749351,
              40.621244
            ],
            [
              -73.751529,
              40.620893
            ],
            [
              -73.753581,
              40.62024
            ],
            [
              -73.753796,
              40.620132
            ],
            [
              -73.754843,
              40.619878
            ],
            [
              -73.755438,
              40.61968
            ],
            [
              -73.755672,
              40.621423
            ],
            [
              -73.755927,
              40.622419
            ],
            [
              -73.754375,
              40.622979
            ],
            [
              -73.754349,
              40.622991
            ],
            [
              -73.754149,
              40.623095
            ],
            [
              -73.753853,
              40.623209
            ],
            [
              -73.753735,
              40.623261
            ],
            [
              -73.753594,
              40.623335
            ],
            [
              -73.753478,
              40.623387
            ],
            [
              -73.753293,
              40.62349
            ],
            [
              -73.753253,
              40.623499
            ],
            [
              -73.751452,
              40.624206
            ],
            [
              -73.750853,
              40.624403
            ],
            [
              -73.750794,
              40.624416
            ],
            [
              -73.750754,
              40.624427
            ],
            [
              -73.750471,
              40.624527
            ],
            [
              -73.749767,
              40.624747
            ],
            [
              -73.749517,
              40.624867
            ],
            [
              -73.748803,
              40.625122
            ],
            [
              -73.748798,
              40.625124
            ],
            [
              -73.747604,
              40.625464
            ],
            [
              -73.747513,
              40.625496
            ],
            [
              -73.74732,
              40.625566
            ],
            [
              -73.747263,
              40.625587
            ],
            [
              -73.746777,
              40.625813
            ],
            [
              -73.746768,
              40.625801
            ],
            [
              -73.74657,
              40.625882
            ],
            [
              -73.746236,
              40.626044
            ],
            [
              -73.745692,
              40.626241
            ],
            [
              -73.745412,
              40.626385
            ],
            [
              -73.744583,
              40.626205
            ],
            [
              -73.74437,
              40.626172
            ],
            [
              -73.744343,
              40.62617
            ],
            [
              -73.743996,
              40.626093
            ],
            [
              -73.741769,
              40.625933
            ],
            [
              -73.741709,
              40.625933
            ],
            [
              -73.739525,
              40.626087
            ],
            [
              -73.739258,
              40.626125
            ],
            [
              -73.738718,
              40.626244
            ],
            [
              -73.737611,
              40.626329
            ],
            [
              -73.735391,
              40.626846
            ],
            [
              -73.733347,
              40.627681
            ],
            [
              -73.731556,
              40.628803
            ],
            [
              -73.730088,
              40.630169
            ],
            [
              -73.729997,
              40.630273
            ],
            [
              -73.729976,
              40.630297
            ],
            [
              -73.729578,
              40.630755
            ],
            [
              -73.728496,
              40.632313
            ],
            [
              -73.727835,
              40.634002
            ],
            [
              -73.72762,
              40.635756
            ],
            [
              -73.72786,
              40.637508
            ],
            [
              -73.728546,
              40.639192
            ],
            [
              -73.728632,
              40.639346
            ],
            [
              -73.729404,
              40.640741
            ],
            [
              -73.729444,
              40.640813
            ],
            [
              -73.729613,
              40.641112
            ],
            [
              -73.729611,
              40.641243
            ],
            [
              -73.729622,
              40.641286
            ],
            [
              -73.728318,
              40.641473
            ],
            [
              -73.726689,
              40.641798
            ],
            [
              -73.726461,
              40.641857
            ],
            [
              -73.725419,
              40.642169
            ],
            [
              -73.722102,
              40.643303
            ],
            [
              -73.721319,
              40.643511
            ],
            [
              -73.71925,
              40.644234
            ],
            [
              -73.717402,
              40.645245
            ],
            [
              -73.715843,
              40.646506
            ],
            [
              -73.714631,
              40.647969
            ],
            [
              -73.71381,
              40.649581
            ],
            [
              -73.713683,
              40.649926
            ],
            [
              -73.71325,
              40.652093
            ],
            [
              -73.713207,
              40.653255
            ],
            [
              -73.713587,
              40.655782
            ],
            [
              -73.713806,
              40.656416
            ],
            [
              -73.713885,
              40.657178
            ],
            [
              -73.713942,
              40.657717
            ],
            [
              -73.714078,
              40.65853
            ],
            [
              -73.714121,
              40.658723
            ],
            [
              -73.714124,
              40.658734
            ],
            [
              -73.714248,
              40.659274
            ],
            [
              -73.714537,
              40.660225
            ],
            [
              -73.714637,
              40.660489
            ],
            [
              -73.714774,
              40.660848
            ],
            [
              -73.714967,
              40.661415
            ],
            [
              -73.715587,
              40.662774
            ],
            [
              -73.715953,
              40.663407
            ],
            [
              -73.715961,
              40.663421
            ],
            [
              -73.715981,
              40.664157
            ],
            [
              -73.715989,
              40.664364
            ],
            [
              -73.71603,
              40.665083
            ],
            [
              -73.716386,
              40.666781
            ],
            [
              -73.716379,
              40.66689
            ],
            [
              -73.716377,
              40.667511
            ],
            [
              -73.716254,
              40.668168
            ],
            [
              -73.716172,
              40.668736
            ],
            [
              -73.716104,
              40.669406
            ],
            [
              -73.716081,
              40.669687
            ],
            [
              -73.716055,
              40.670127
            ],
            [
              -73.716,
              40.670528
            ],
            [
              -73.715974,
              40.670743
            ],
            [
              -73.715791,
              40.672485
            ],
            [
              -73.715269,
              40.673699
            ],
            [
              -73.715163,
              40.67396
            ],
            [
              -73.714818,
              40.674854
            ],
            [
              -73.714578,
              40.675587
            ],
            [
              -73.714391,
              40.676284
            ],
            [
              -73.714364,
              40.676387
            ],
            [
              -73.713983,
              40.677897
            ],
            [
              -73.713796,
              40.680173
            ],
            [
              -73.713853,
              40.680835
            ],
            [
              -73.71386,
              40.680904
            ],
            [
              -73.713926,
              40.6816
            ],
            [
              -73.71393,
              40.681635
            ],
            [
              -73.713993,
              40.682257
            ],
            [
              -73.714027,
              40.682677
            ],
            [
              -73.714023,
              40.682727
            ],
            [
              -73.714016,
              40.682835
            ],
            [
              -73.713954,
              40.683878
            ],
            [
              -73.713948,
              40.683991
            ],
            [
              -73.713945,
              40.684061
            ],
            [
              -73.713954,
              40.684819
            ],
            [
              -73.714082,
              40.686694
            ],
            [
              -73.714088,
              40.686781
            ],
            [
              -73.714108,
              40.687015
            ],
            [
              -73.714117,
              40.687101
            ],
            [
              -73.714172,
              40.687633
            ],
            [
              -73.714177,
              40.687677
            ],
            [
              -73.714326,
              40.689035
            ],
            [
              -73.714327,
              40.689066
            ],
            [
              -73.714339,
              40.68922
            ],
            [
              -73.714355,
              40.689417
            ],
            [
              -73.714398,
              40.690407
            ],
            [
              -73.714397,
              40.69059
            ],
            [
              -73.714401,
              40.690821
            ],
            [
              -73.714406,
              40.690983
            ],
            [
              -73.714408,
              40.69104
            ],
            [
              -73.714642,
              40.69705
            ],
            [
              -73.714649,
              40.697841
            ],
            [
              -73.714652,
              40.69798
            ],
            [
              -73.714666,
              40.698447
            ],
            [
              -73.714684,
              40.699161
            ],
            [
              -73.714691,
              40.699334
            ],
            [
              -73.714801,
              40.701464
            ],
            [
              -73.714888,
              40.702233
            ],
            [
              -73.714875,
              40.702518
            ],
            [
              -73.714923,
              40.703389
            ],
            [
              -73.714978,
              40.704699
            ],
            [
              -73.715037,
              40.706075
            ],
            [
              -73.715102,
              40.707806
            ],
            [
              -73.715104,
              40.707849
            ],
            [
              -73.715158,
              40.70909
            ],
            [
              -73.715032,
              40.709852
            ],
            [
              -73.715135,
              40.710658
            ],
            [
              -73.715068,
              40.710662
            ],
            [
              -73.715133,
              40.711326
            ],
            [
              -73.715143,
              40.711415
            ],
            [
              -73.715149,
              40.711469
            ],
            [
              -73.715282,
              40.712256
            ],
            [
              -73.715291,
              40.712294
            ],
            [
              -73.71549,
              40.713188
            ],
            [
              -73.715525,
              40.713339
            ],
            [
              -73.715696,
              40.714035
            ],
            [
              -73.715738,
              40.714174
            ],
            [
              -73.715734,
              40.714174
            ],
            [
              -73.716475,
              40.716985
            ],
            [
              -73.716408,
              40.717002
            ],
            [
              -73.714722,
              40.717457
            ],
            [
              -73.713408,
              40.71773
            ],
            [
              -73.713185,
              40.717756
            ],
            [
              -73.713015,
              40.717777
            ],
            [
              -73.712122,
              40.71789
            ],
            [
              -73.71206,
              40.717898
            ],
            [
              -73.709903,
              40.718179
            ],
            [
              -73.708487,
              40.718364
            ],
            [
              -73.707431,
              40.71854
            ],
            [
              -73.707362,
              40.718554
            ],
            [
              -73.707232,
              40.718581
            ],
            [
              -73.705371,
              40.718976
            ],
            [
              -73.70533,
              40.718984
            ],
            [
              -73.704424,
              40.719179
            ],
            [
              -73.702064,
              40.719901
            ],
            [
              -73.699961,
              40.720989
            ],
            [
              -73.698213,
              40.72239
            ],
            [
              -73.6969,
              40.724042
            ],
            [
              -73.696385,
              40.724881
            ],
            [
              -73.695837,
              40.725732
            ],
            [
              -73.69523,
              40.726655
            ],
            [
              -73.694608,
              40.727597
            ],
            [
              -73.694566,
              40.727662
            ],
            [
              -73.694356,
              40.727986
            ],
            [
              -73.694025,
              40.728489
            ],
            [
              -73.693416,
              40.729377
            ],
            [
              -73.693204,
              40.7297
            ],
            [
              -73.692781,
              40.730382
            ],
            [
              -73.692667,
              40.730573
            ],
            [
              -73.692598,
              40.730691
            ],
            [
              -73.692126,
              40.731388
            ],
            [
              -73.692009,
              40.731566
            ],
            [
              -73.691692,
              40.732062
            ],
            [
              -73.691566,
              40.732242
            ],
            [
              -73.691108,
              40.732978
            ],
            [
              -73.690746,
              40.733635
            ],
            [
              -73.690705,
              40.733693
            ],
            [
              -73.690623,
              40.73378
            ],
            [
              -73.690633,
              40.733785
            ],
            [
              -73.689592,
              40.734943
            ],
            [
              -73.688671,
              40.736603
            ],
            [
              -73.688206,
              40.738369
            ],
            [
              -73.688195,
              40.738455
            ],
            [
              -73.688214,
              40.740326
            ],
            [
              -73.688226,
              40.740407
            ],
            [
              -73.688247,
              40.740543
            ],
            [
              -73.688498,
              40.742033
            ],
            [
              -73.68876,
              40.743998
            ],
            [
              -73.68893,
              40.745593
            ],
            [
              -73.689033,
              40.747438
            ],
            [
              -73.689064,
              40.747811
            ],
            [
              -73.689072,
              40.747883
            ],
            [
              -73.689108,
              40.748154
            ],
            [
              -73.68935,
              40.749755
            ],
            [
              -73.689505,
              40.751417
            ],
            [
              -73.689569,
              40.75191
            ],
            [
              -73.689855,
              40.753622
            ],
            [
              -73.690496,
              40.755609
            ],
            [
              -73.691714,
              40.757435
            ],
            [
              -73.693446,
              40.759006
            ],
            [
              -73.693508,
              40.759051
            ],
            [
              -73.693992,
              40.7594
            ],
            [
              -73.69441,
              40.759687
            ],
            [
              -73.694967,
              40.760052
            ],
            [
              -73.695444,
              40.760349
            ],
            [
              -73.696126,
              40.76075
            ],
            [
              -73.697877,
              40.761806
            ],
            [
              -73.698163,
              40.761973
            ],
            [
              -73.700387,
              40.763233
            ],
            [
              -73.702801,
              40.764808
            ],
            [
              -73.703092,
              40.764998
            ],
            [
              -73.704662,
              40.766031
            ],
            [
              -73.705414,
              40.766487
            ],
            [
              -73.706134,
              40.766888
            ],
            [
              -73.706159,
              40.766905
            ],
            [
              -73.706538,
              40.767155
            ],
            [
              -73.708867,
              40.768623
            ],
            [
              -73.712342,
              40.770926
            ],
            [
              -73.712531,
              40.771054
            ],
            [
              -73.712937,
              40.771381
            ],
            [
              -73.713084,
              40.77148
            ],
            [
              -73.713231,
              40.771579
            ],
            [
              -73.714442,
              40.772277
            ],
            [
              -73.714903,
              40.772681
            ],
            [
              -73.716772,
              40.773773
            ],
            [
              -73.717296,
              40.773969
            ],
            [
              -73.717562,
              40.774152
            ],
            [
              -73.718205,
              40.774564
            ],
            [
              -73.719223,
              40.77517
            ],
            [
              -73.720075,
              40.775683
            ],
            [
              -73.720818,
              40.776183
            ],
            [
              -73.721384,
              40.776541
            ],
            [
              -73.722369,
              40.777125
            ],
            [
              -73.722955,
              40.777475
            ],
            [
              -73.723307,
              40.777677
            ],
            [
              -73.724097,
              40.778113
            ],
            [
              -73.724837,
              40.77853
            ],
            [
              -73.725499,
              40.778909
            ],
            [
              -73.726002,
              40.779248
            ],
            [
              -73.726491,
              40.77956
            ],
            [
              -73.72948,
              40.781364
            ],
            [
              -73.729788,
              40.781544
            ],
            [
              -73.7302,
              40.781776
            ],
            [
              -73.730666,
              40.782089
            ],
            [
              -73.730887,
              40.782304
            ],
            [
              -73.732932,
              40.783568
            ],
            [
              -73.733514,
              40.783788
            ],
            [
              -73.733891,
              40.784032
            ],
            [
              -73.734445,
              40.784329
            ],
            [
              -73.736663,
              40.785638
            ],
            [
              -73.737514,
              40.786176
            ],
            [
              -73.739288,
              40.787341
            ],
            [
              -73.739684,
              40.78759
            ],
            [
              -73.7424,
              40.789222
            ],
            [
              -73.74392,
              40.790221
            ],
            [
              -73.745894,
              40.791081
            ],
            [
              -73.748049,
              40.791641
            ],
            [
              -73.750305,
              40.791878
            ],
            [
              -73.75258,
              40.791785
            ],
            [
              -73.754789,
              40.791365
            ],
            [
              -73.756852,
              40.790634
            ],
            [
              -73.758692,
              40.789618
            ],
            [
              -73.758841,
              40.789518
            ],
            [
              -73.759375,
              40.791335
            ],
            [
              -73.760425,
              40.793064
            ],
            [
              -73.760672,
              40.793378
            ],
            [
              -73.760734,
              40.793446
            ],
            [
              -73.760851,
              40.793828
            ],
            [
              -73.760874,
              40.793889
            ],
            [
              -73.761141,
              40.794511
            ],
            [
              -73.76117,
              40.794571
            ],
            [
              -73.761665,
              40.795447
            ],
            [
              -73.761702,
              40.795504
            ],
            [
              -73.762664,
              40.796635
            ],
            [
              -73.762904,
              40.797213
            ],
            [
              -73.762911,
              40.797227
            ],
            [
              -73.7633,
              40.797813
            ],
            [
              -73.763301,
              40.797815
            ],
            [
              -73.763344,
              40.797891
            ],
            [
              -73.763688,
              40.798446
            ],
            [
              -73.763738,
              40.79852
            ],
            [
              -73.76421,
              40.799155
            ],
            [
              -73.764268,
              40.799226
            ],
            [
              -73.764745,
              40.799766
            ],
            [
              -73.764799,
              40.799822
            ],
            [
              -73.765071,
              40.800109
            ],
            [
              -73.766143,
              40.801084
            ],
            [
              -73.766219,
              40.801144
            ],
            [
              -73.766494,
              40.801351
            ],
            [
              -73.766522,
              40.801377
            ],
            [
              -73.766576,
              40.801425
            ],
            [
              -73.766595,
              40.801441
            ],
            [
              -73.766735,
              40.801565
            ],
            [
              -73.766739,
              40.801563
            ],
            [
              -73.767064,
              40.801845
            ],
            [
              -73.767043,
              40.801859
            ],
            [
              -73.767172,
              40.801971
            ],
            [
              -73.767571,
              40.802301
            ],
            [
              -73.767585,
              40.802312
            ],
            [
              -73.768288,
              40.802821
            ],
            [
              -73.7683,
              40.802829
            ],
            [
              -73.768392,
              40.802889
            ],
            [
              -73.768441,
              40.802921
            ],
            [
              -73.768482,
              40.802948
            ],
            [
              -73.768499,
              40.802959
            ],
            [
              -73.769409,
              40.803493
            ],
            [
              -73.769426,
              40.803502
            ],
            [
              -73.770068,
              40.803815
            ],
            [
              -73.770124,
              40.803846
            ],
            [
              -73.770138,
              40.803853
            ],
            [
              -73.770164,
              40.803865
            ],
            [
              -73.770309,
              40.803942
            ],
            [
              -73.770323,
              40.803949
            ],
            [
              -73.771096,
              40.804304
            ],
            [
              -73.771153,
              40.804328
            ],
            [
              -73.771859,
              40.804602
            ],
            [
              -73.771873,
              40.804607
            ],
            [
              -73.772326,
              40.804751
            ],
            [
              -73.772387,
              40.804772
            ],
            [
              -73.772417,
              40.804782
            ],
            [
              -73.772438,
              40.804789
            ],
            [
              -73.772489,
              40.804803
            ],
            [
              -73.772629,
              40.804847
            ],
            [
              -73.772629,
              40.804847
            ],
            [
              -73.772838,
              40.804914
            ],
            [
              -73.774288,
              40.805297
            ],
            [
              -73.774307,
              40.805301
            ],
            [
              -73.774667,
              40.805362
            ],
            [
              -73.774666,
              40.805366
            ],
            [
              -73.774875,
              40.805406
            ],
            [
              -73.775298,
              40.805481
            ],
            [
              -73.775335,
              40.805487
            ],
            [
              -73.775458,
              40.805506
            ],
            [
              -73.775575,
              40.805524
            ],
            [
              -73.775578,
              40.805513
            ],
            [
              -73.775781,
              40.805537
            ],
            [
              -73.775853,
              40.805545
            ],
            [
              -73.775857,
              40.805524
            ],
            [
              -73.777197,
              40.805708
            ],
            [
              -73.777215,
              40.805709
            ],
            [
              -73.778085,
              40.805733
            ],
            [
              -73.778103,
              40.805733
            ],
            [
              -73.778229,
              40.80573
            ],
            [
              -73.778275,
              40.806534
            ],
            [
              -73.778294,
              40.806648
            ],
            [
              -73.778301,
              40.806688
            ],
            [
              -73.778344,
              40.806937
            ],
            [
              -73.779064,
              40.809055
            ],
            [
              -73.779192,
              40.809302
            ],
            [
              -73.779338,
              40.809572
            ],
            [
              -73.779352,
              40.809596
            ],
            [
              -73.779369,
              40.809647
            ],
            [
              -73.779404,
              40.809739
            ],
            [
              -73.779648,
              40.810309
            ],
            [
              -73.779691,
              40.810399
            ],
            [
              -73.78067,
              40.81196
            ],
            [
              -73.782025,
              40.81335
            ],
            [
              -73.783707,
              40.814519
            ],
            [
              -73.785556,
              40.815378
            ],
            [
              -73.785499,
              40.815868
            ],
            [
              -73.785763,
              40.817654
            ],
            [
              -73.785785,
              40.81773
            ],
            [
              -73.785966,
              40.818375
            ],
            [
              -73.786762,
              40.820214
            ],
            [
              -73.78806,
              40.821881
            ],
            [
              -73.7898,
              40.823299
            ],
            [
              -73.790334,
              40.82358
            ],
            [
              -73.791146,
              40.824092
            ],
            [
              -73.791179,
              40.82411
            ],
            [
              -73.79301,
              40.82493
            ],
            [
              -73.793046,
              40.824943
            ],
            [
              -73.793136,
              40.82497
            ],
            [
              -73.793199,
              40.825016
            ],
            [
              -73.794754,
              40.825828
            ],
            [
              -73.794777,
              40.825838
            ],
            [
              -73.794846,
              40.826019
            ],
            [
              -73.795025,
              40.8266
            ],
            [
              -73.794767,
              40.826475
            ],
            [
              -73.792723,
              40.82585
            ],
            [
              -73.790561,
              40.825522
            ],
            [
              -73.788357,
              40.825501
            ],
            [
              -73.786185,
              40.825789
            ],
            [
              -73.785206,
              40.825991
            ],
            [
              -73.782916,
              40.826662
            ],
            [
              -73.781353,
              40.827431
            ],
            [
              -73.781091,
              40.827441
            ],
            [
              -73.778817,
              40.827871
            ],
            [
              -73.776699,
              40.82863
            ],
            [
              -73.774819,
              40.82969
            ],
            [
              -73.77325,
              40.831008
            ],
            [
              -73.773108,
              40.831153
            ],
            [
              -73.771765,
              40.832925
            ],
            [
              -73.771714,
              40.833053
            ],
            [
              -73.771397,
              40.833417
            ],
            [
              -73.770555,
              40.83493
            ],
            [
              -73.770397,
              40.835477
            ],
            [
              -73.770115,
              40.83617
            ],
            [
              -73.768514,
              40.836112
            ],
            [
              -73.766385,
              40.836327
            ],
            [
              -73.765266,
              40.836519
            ],
            [
              -73.763108,
              40.837057
            ],
            [
              -73.761125,
              40.837897
            ],
            [
              -73.759389,
              40.839007
            ],
            [
              -73.757964,
              40.840346
            ],
            [
              -73.756902,
              40.841866
            ],
            [
              -73.756242,
              40.843511
            ],
            [
              -73.756007,
              40.845221
            ],
            [
              -73.756207,
              40.846934
            ],
            [
              -73.756834,
              40.848586
            ],
            [
              -73.75692,
              40.84875
            ],
            [
              -73.755997,
              40.849475
            ],
            [
              -73.754729,
              40.850975
            ],
            [
              -73.753877,
              40.852634
            ],
            [
              -73.753474,
              40.854388
            ],
            [
              -73.753535,
              40.856168
            ],
            [
              -73.754059,
              40.857903
            ],
            [
              -73.755024,
              40.859527
            ],
            [
              -73.756394,
              40.860975
            ],
            [
              -73.757218,
              40.861686
            ],
            [
              -73.756122,
              40.862974
            ],
            [
              -73.755281,
              40.864561
            ],
            [
              -73.754852,
              40.866239
            ],
            [
              -73.754851,
              40.867949
            ],
            [
              -73.755278,
              40.869628
            ],
            [
              -73.756117,
              40.871216
            ],
            [
              -73.757339,
              40.872655
            ],
            [
              -73.758899,
              40.873893
            ],
            [
              -73.758947,
              40.873918
            ],
            [
              -73.759873,
              40.875305
            ],
            [
              -73.760776,
              40.876378
            ],
            [
              -73.76227,
              40.877809
            ],
            [
              -73.763153,
              40.878371
            ],
            [
              -73.76408,
              40.879747
            ],
            [
              -73.76553,
              40.881136
            ],
            [
              -73.767312,
              40.882284
            ],
            [
              -73.769357,
              40.883145
            ],
            [
              -73.771585,
              40.883687
            ],
            [
              -73.773911,
              40.883888
            ],
            [
              -73.77409,
              40.883877
            ],
            [
              -73.774355,
              40.884046
            ],
            [
              -73.774898,
              40.884276
            ],
            [
              -73.775786,
              40.885582
            ],
            [
              -73.777118,
              40.886885
            ],
            [
              -73.778742,
              40.887982
            ],
            [
              -73.780604,
              40.888837
            ],
            [
              -73.781635,
              40.889132
            ],
            [
              -73.781778,
              40.889192
            ],
            [
              -73.782209,
              40.889297
            ],
            [
              -73.78264,
              40.88942
            ],
            [
              -73.78282,
              40.889445
            ],
            [
              -73.783998,
              40.889731
            ],
            [
              -73.784784,
              40.889799
            ],
            [
              -73.786045,
              40.890651
            ],
            [
              -73.788189,
              40.891581
            ],
            [
              -73.789037,
              40.891865
            ],
            [
              -73.789659,
              40.892058
            ],
            [
              -73.789859,
              40.892115
            ],
            [
              -73.790131,
              40.89219
            ],
            [
              -73.790932,
              40.892401
            ],
            [
              -73.792332,
              40.892774
            ],
            [
              -73.792696,
              40.892866
            ],
            [
              -73.79355,
              40.89307
            ],
            [
              -73.79376,
              40.893126
            ],
            [
              -73.795334,
              40.893547
            ],
            [
              -73.795626,
              40.893622
            ],
            [
              -73.797742,
              40.894142
            ],
            [
              -73.798237,
              40.894302
            ],
            [
              -73.799391,
              40.894622
            ],
            [
              -73.80072,
              40.894933
            ],
            [
              -73.800739,
              40.894937
            ],
            [
              -73.801027,
              40.895004
            ],
            [
              -73.801375,
              40.895081
            ],
            [
              -73.801529,
              40.895113
            ],
            [
              -73.802863,
              40.89542
            ],
            [
              -73.803447,
              40.895559
            ],
            [
              -73.804082,
              40.895762
            ],
            [
              -73.80539,
              40.896114
            ],
            [
              -73.806095,
              40.89627
            ],
            [
              -73.80628,
              40.896311
            ],
            [
              -73.807381,
              40.896599
            ],
            [
              -73.807652,
              40.896667
            ],
            [
              -73.808789,
              40.896941
            ],
            [
              -73.809987,
              40.897234
            ],
            [
              -73.810034,
              40.897246
            ],
            [
              -73.811168,
              40.897519
            ],
            [
              -73.811455,
              40.89763
            ],
            [
              -73.813224,
              40.898066
            ],
            [
              -73.813372,
              40.898093
            ],
            [
              -73.813781,
              40.898194
            ],
            [
              -73.814301,
              40.898384
            ],
            [
              -73.815302,
              40.898708
            ],
            [
              -73.815368,
              40.898727
            ],
            [
              -73.816384,
              40.899019
            ],
            [
              -73.816675,
              40.8991
            ],
            [
              -73.818916,
              40.899694
            ],
            [
              -73.821482,
              40.90014
            ],
            [
              -73.824115,
              40.900149
            ],
            [
              -73.82513,
              40.89998
            ],
            [
              -73.825726,
              40.900157
            ],
            [
              -73.826004,
              40.900237
            ],
            [
              -73.82632,
              40.900324
            ],
            [
              -73.826668,
              40.900451
            ],
            [
              -73.827433,
              40.900705
            ],
            [
              -73.827442,
              40.900754
            ],
            [
              -73.827459,
              40.900831
            ],
            [
              -73.827572,
              40.901273
            ],
            [
              -73.827594,
              40.901349
            ],
            [
              -73.827809,
              40.901981
            ],
            [
              -73.827838,
              40.902055
            ],
            [
              -73.828874,
              40.903908
            ],
            [
              -73.829332,
              40.904523
            ],
            [
              -73.829534,
              40.905438
            ],
            [
              -73.829858,
              40.906397
            ],
            [
              -73.830621,
              40.908003
            ],
            [
              -73.831772,
              40.909471
            ],
            [
              -73.833269,
              40.910749
            ],
            [
              -73.835059,
              40.911789
            ],
            [
              -73.837076,
              40.912555
            ],
            [
              -73.837653,
              40.912679
            ],
            [
              -73.839268,
              40.913485
            ],
            [
              -73.840047,
              40.913725
            ],
            [
              -73.840945,
              40.915096
            ],
            [
              -73.842289,
              40.916441
            ],
            [
              -73.84394,
              40.917572
            ],
            [
              -73.845843,
              40.918451
            ],
            [
              -73.847928,
              40.919046
            ],
            [
              -73.848305,
              40.919124
            ],
            [
              -73.850728,
              40.919427
            ],
            [
              -73.852277,
              40.919377
            ],
            [
              -73.852504,
              40.919397
            ],
            [
              -73.854773,
              40.919271
            ],
            [
              -73.856969,
              40.918821
            ],
            [
              -73.857155,
              40.918768
            ],
            [
              -73.859483,
              40.917873
            ],
            [
              -73.861497,
              40.916615
            ],
            [
              -73.861895,
              40.916305
            ],
            [
              -73.862786,
              40.915471
            ],
            [
              -73.863152,
              40.915184
            ],
            [
              -73.864535,
              40.913876
            ],
            [
              -73.865574,
              40.912398
            ],
            [
              -73.865796,
              40.911995
            ],
            [
              -73.866704,
              40.912251
            ],
            [
              -73.868608,
              40.912815
            ],
            [
              -73.868808,
              40.912872
            ],
            [
              -73.87002,
              40.913212
            ],
            [
              -73.87051,
              40.91334
            ],
            [
              -73.870621,
              40.913367
            ],
            [
              -73.870886,
              40.913455
            ],
            [
              -73.87146,
              40.91363
            ],
            [
              -73.872201,
              40.91384
            ],
            [
              -73.872898,
              40.914047
            ],
            [
              -73.873285,
              40.914169
            ],
            [
              -73.87329,
              40.914159
            ],
            [
              -73.874175,
              40.914403
            ],
            [
              -73.874167,
              40.91442
            ],
            [
              -73.877285,
              40.915308
            ],
            [
              -73.878359,
              40.915614
            ],
            [
              -73.87892,
              40.915816
            ],
            [
              -73.879592,
              40.91604
            ],
            [
              -73.880331,
              40.916266
            ],
            [
              -73.881139,
              40.916514
            ],
            [
              -73.881198,
              40.916532
            ],
            [
              -73.881582,
              40.916648
            ],
            [
              -73.88163,
              40.916662
            ],
            [
              -73.881687,
              40.916679
            ],
            [
              -73.88174,
              40.916695
            ],
            [
              -73.881791,
              40.91671
            ],
            [
              -73.881855,
              40.916729
            ],
            [
              -73.888148,
              40.918548
            ],
            [
              -73.891723,
              40.91962
            ],
            [
              -73.891845,
              40.919667
            ],
            [
              -73.893959,
              40.920231
            ],
            [
              -73.895272,
              40.920651
            ],
            [
              -73.897043,
              40.921039
            ],
            [
              -73.897983,
              40.921299
            ],
            [
              -73.90366,
              40.923214
            ],
            [
              -73.904801,
              40.923547
            ],
            [
              -73.905652,
              40.923758
            ],
            [
              -73.906851,
              40.924133
            ],
            [
              -73.909072,
              40.924476
            ],
            [
              -73.911339,
              40.924494
            ],
            [
              -73.913569,
              40.924187
            ],
            [
              -73.915682,
              40.923567
            ],
            [
              -73.917601,
              40.922655
            ],
            [
              -73.919256,
              40.921484
            ],
            [
              -73.920587,
              40.920098
            ],
            [
              -73.92116,
              40.919172
            ],
            [
              -73.921424,
              40.91885
            ],
            [
              -73.921476,
              40.918781
            ],
            [
              -73.921807,
              40.918309
            ],
            [
              -73.921854,
              40.918237
            ],
            [
              -73.922177,
              40.917699
            ],
            [
              -73.922217,
              40.917626
            ],
            [
              -73.922234,
              40.917584
            ],
            [
              -73.922783,
              40.916628
            ],
            [
              -73.922938,
              40.916279
            ],
            [
              -73.923437,
              40.914683
            ],
            [
              -73.923545,
              40.913044
            ],
            [
              -73.923506,
              40.912825
            ],
            [
              -73.923526,
              40.912766
            ],
            [
              -73.923751,
              40.911834
            ],
            [
              -73.923891,
              40.911649
            ],
            [
              -73.923899,
              40.911636
            ],
            [
              -73.924536,
              40.910354
            ],
            [
              -73.924541,
              40.910341
            ],
            [
              -73.924945,
              40.908796
            ],
            [
              -73.924947,
              40.908782
            ],
            [
              -73.924956,
              40.908512
            ],
            [
              -73.925047,
              40.90841
            ],
            [
              -73.92596,
              40.906771
            ],
            [
              -73.926384,
              40.905733
            ],
            [
              -73.92656,
              40.905255
            ],
            [
              -73.926978,
              40.903987
            ],
            [
              -73.927315,
              40.902276
            ],
            [
              -73.927312,
              40.902227
            ],
            [
              -73.928169,
              40.899941
            ],
            [
              -73.928443,
              40.898971
            ],
            [
              -73.928621,
              40.898534
            ],
            [
              -73.92927,
              40.897347
            ],
            [
              -73.92972,
              40.895759
            ],
            [
              -73.929722,
              40.895715
            ],
            [
              -73.930006,
              40.894937
            ],
            [
              -73.930319,
              40.894078
            ],
            [
              -73.930566,
              40.893448
            ],
            [
              -73.930572,
              40.893433
            ],
            [
              -73.931198,
              40.891824
            ],
            [
              -73.931239,
              40.891717
            ],
            [
              -73.931799,
              40.890208
            ],
            [
              -73.931877,
              40.890019
            ],
            [
              -73.932287,
              40.889137
            ],
            [
              -73.932609,
              40.888446
            ],
            [
              -73.933041,
              40.887518
            ],
            [
              -73.934619,
              40.884172
            ],
            [
              -73.934946,
              40.883902
            ],
            [
              -73.935028,
              40.883858
            ],
            [
              -73.937351,
              40.882218
            ],
            [
              -73.937535,
              40.882048
            ],
            [
              -73.937751,
              40.881842
            ],
            [
              -73.937872,
              40.88174
            ],
            [
              -73.938803,
              40.880846
            ],
            [
              -73.93897,
              40.880663
            ],
            [
              -73.940219,
              40.878904
            ],
            [
              -73.940232,
              40.878879
            ],
            [
              -73.940481,
              40.878478
            ],
            [
              -73.940814,
              40.878045
            ],
            [
              -73.941347,
              40.877153
            ],
            [
              -73.941534,
              40.876933
            ],
            [
              -73.942254,
              40.875712
            ],
            [
              -73.942412,
              40.87538
            ],
            [
              -73.942403,
              40.875377
            ],
            [
              -73.942508,
              40.875222
            ],
            [
              -73.942638,
              40.875017
            ],
            [
              -73.943479,
              40.873226
            ],
            [
              -73.943597,
              40.872854
            ],
            [
              -73.943656,
              40.872561
            ],
            [
              -73.943685,
              40.872472
            ],
            [
              -73.943708,
              40.872431
            ],
            [
              -73.943823,
              40.872152
            ],
            [
              -73.944107,
              40.871106
            ],
            [
              -73.944276,
              40.870621
            ],
            [
              -73.944415,
              40.869504
            ],
            [
              -73.944448,
              40.869446
            ],
            [
              -73.944445,
              40.869445
            ],
            [
              -73.944544,
              40.869287
            ],
            [
              -73.945043,
              40.868678
            ],
            [
              -73.945141,
              40.868476
            ],
            [
              -73.945226,
              40.868361
            ],
            [
              -73.945734,
              40.867678
            ],
            [
              -73.945847,
              40.86755
            ],
            [
              -73.946063,
              40.867297
            ],
            [
              -73.946571,
              40.86668
            ],
            [
              -73.947329,
              40.865602
            ],
            [
              -73.947663,
              40.865038
            ],
            [
              -73.947698,
              40.864947
            ],
            [
              -73.947773,
              40.86485
            ],
            [
              -73.947903,
              40.864671
            ],
            [
              -73.948709,
              40.863743
            ],
            [
              -73.949254,
              40.862848
            ],
            [
              -73.949256,
              40.862849
            ],
            [
              -73.949365,
              40.862673
            ],
            [
              -73.949698,
              40.862198
            ],
            [
              -73.949761,
              40.862095
            ],
            [
              -73.949847,
              40.86199
            ],
            [
              -73.949886,
              40.861932
            ],
            [
              -73.950455,
              40.861317
            ],
            [
              -73.950601,
              40.861125
            ],
            [
              -73.951332,
              40.859915
            ],
            [
              -73.951605,
              40.85951
            ],
            [
              -73.951628,
              40.859471
            ],
            [
              -73.951847,
              40.859055
            ],
            [
              -73.951858,
              40.859036
            ],
            [
              -73.952081,
              40.85894
            ],
            [
              -73.952095,
              40.858931
            ],
            [
              -73.952133,
              40.858915
            ],
            [
              -73.952213,
              40.858857
            ],
            [
              -73.95324,
              40.858342
            ],
            [
              -73.953669,
              40.858152
            ],
            [
              -73.953683,
              40.858144
            ],
            [
              -73.955056,
              40.857225
            ],
            [
              -73.956227,
              40.856157
            ],
            [
              -73.956531,
              40.855831
            ],
            [
              -73.956586,
              40.855772
            ],
            [
              -73.956631,
              40.855724
            ],
            [
              -73.956688,
              40.855662
            ],
            [
              -73.957713,
              40.85431
            ],
            [
              -73.957751,
              40.854248
            ],
            [
              -73.958085,
              40.853647
            ],
            [
              -73.958119,
              40.853579
            ],
            [
              -73.958462,
              40.852783
            ],
            [
              -73.958466,
              40.852772
            ],
            [
              -73.958615,
              40.852315
            ],
            [
              -73.958624,
              40.852284
            ],
            [
              -73.958672,
              40.851979
            ],
            [
              -73.958816,
              40.851517
            ],
            [
              -73.958822,
              40.851485
            ],
            [
              -73.958882,
              40.850663
            ],
            [
              -73.958897,
              40.850568
            ],
            [
              -73.958892,
              40.850519
            ],
            [
              -73.958934,
              40.849953
            ],
            [
              -73.958722,
              40.848575
            ],
            [
              -73.958744,
              40.848573
            ],
            [
              -73.958714,
              40.848432
            ],
            [
              -73.958623,
              40.848118
            ],
            [
              -73.958666,
              40.847948
            ],
            [
              -73.958681,
              40.847794
            ],
            [
              -73.958508,
              40.845474
            ],
            [
              -73.958474,
              40.845337
            ],
            [
              -73.958428,
              40.845197
            ],
            [
              -73.958677,
              40.844748
            ],
            [
              -73.958783,
              40.844504
            ],
            [
              -73.95887,
              40.844294
            ],
            [
              -73.958912,
              40.84419
            ],
            [
              -73.958935,
              40.844134
            ],
            [
              -73.958931,
              40.844133
            ],
            [
              -73.958944,
              40.84411
            ],
            [
              -73.958978,
              40.84405
            ],
            [
              -73.959026,
              40.843956
            ],
            [
              -73.959125,
              40.843773
            ],
            [
              -73.95913,
              40.84376
            ],
            [
              -73.959142,
              40.843731
            ],
            [
              -73.959311,
              40.843403
            ],
            [
              -73.959359,
              40.843298
            ],
            [
              -73.960014,
              40.841973
            ],
            [
              -73.960111,
              40.841709
            ],
            [
              -73.960137,
              40.841638
            ],
            [
              -73.960145,
              40.841616
            ],
            [
              -73.96026,
              40.841372
            ],
            [
              -73.960349,
              40.841139
            ],
            [
              -73.96042,
              40.840946
            ],
            [
              -73.960496,
              40.840729
            ],
            [
              -73.960572,
              40.840499
            ],
            [
              -73.960698,
              40.840097
            ],
            [
              -73.960999,
              40.839272
            ],
            [
              -73.961343,
              40.837702
            ],
            [
              -73.961388,
              40.837525
            ],
            [
              -73.961529,
              40.837283
            ],
            [
              -73.961503,
              40.837274
            ],
            [
              -73.962041,
              40.836346
            ],
            [
              -73.962147,
              40.836204
            ],
            [
              -73.962616,
              40.835549
            ],
            [
              -73.962631,
              40.835529
            ],
            [
              -73.964098,
              40.834743
            ],
            [
              -73.965686,
              40.833479
            ],
            [
              -73.965884,
              40.833243
            ],
            [
              -73.966608,
              40.83267
            ],
            [
              -73.967852,
              40.831195
            ],
            [
              -73.969609,
              40.828582
            ],
            [
              -73.969627,
              40.828554
            ],
            [
              -73.970167,
              40.827744
            ],
            [
              -73.971055,
              40.825965
            ],
            [
              -73.971164,
              40.825417
            ],
            [
              -73.971245,
              40.825273
            ],
            [
              -73.971723,
              40.823551
            ],
            [
              -73.971727,
              40.823292
            ],
            [
              -73.971789,
              40.823222
            ],
            [
              -73.97225,
              40.822741
            ],
            [
              -73.972523,
              40.822471
            ],
            [
              -73.972607,
              40.822379
            ],
            [
              -73.972804,
              40.822186
            ],
            [
              -73.973542,
              40.821376
            ],
            [
              -73.974279,
              40.820464
            ],
            [
              -73.974608,
              40.82003
            ],
            [
              -73.974792,
              40.819771
            ],
            [
              -73.975003,
              40.81946
            ],
            [
              -73.975773,
              40.818267
            ],
            [
              -73.975785,
              40.818239
            ],
            [
              -73.975855,
              40.818145
            ],
            [
              -73.976065,
              40.817849
            ],
            [
              -73.976091,
              40.817811
            ],
            [
              -73.976264,
              40.817578
            ],
            [
              -73.976341,
              40.81747
            ],
            [
              -73.976603,
              40.817104
            ],
            [
              -73.976731,
              40.816921
            ],
            [
              -73.976836,
              40.816765
            ],
            [
              -73.976848,
              40.816748
            ],
            [
              -73.977217,
              40.816242
            ],
            [
              -73.977333,
              40.81607
            ],
            [
              -73.977445,
              40.815899
            ],
            [
              -73.977578,
              40.815691
            ],
            [
              -73.97762,
              40.815617
            ],
            [
              -73.977752,
              40.81544
            ],
            [
              -73.978312,
              40.814585
            ],
            [
              -73.978454,
              40.814336
            ],
            [
              -73.97848,
              40.814289
            ],
            [
              -73.978515,
              40.814227
            ],
            [
              -73.978565,
              40.814157
            ],
            [
              -73.978736,
              40.813901
            ],
            [
              -73.97877,
              40.813829
            ],
            [
              -73.97878,
              40.813815
            ],
            [
              -73.978965,
              40.813546
            ],
            [
              -73.979208,
              40.813137
            ],
            [
              -73.979503,
              40.812768
            ],
            [
              -73.979857,
              40.812285
            ],
            [
              -73.979972,
              40.812138
            ],
            [
              -73.98025,
              40.811762
            ],
            [
              -73.980416,
              40.811547
            ],
            [
              -73.980602,
              40.811317
            ],
            [
              -73.980724,
              40.811161
            ],
            [
              -73.981372,
              40.81032
            ],
            [
              -73.981603,
              40.810005
            ],
            [
              -73.981669,
              40.809912
            ],
            [
              -73.981693,
              40.809881
            ],
            [
              -73.981908,
              40.809591
            ],
            [
              -73.982077,
              40.809353
            ],
            [
              -73.982249,
              40.809045
            ],
            [
              -73.982516,
              40.808672
            ],
            [
              -73.982556,
              40.808689
            ],
            [
              -73.982938,
              40.808169
            ],
            [
              -73.982994,
              40.808092
            ],
            [
              -73.983312,
              40.807649
            ],
            [
              -73.983407,
              40.807489
            ],
            [
              -73.983517,
              40.807341
            ],
            [
              -73.983575,
              40.80726
            ],
            [
              -73.98367,
              40.807106
            ],
            [
              -73.983737,
              40.807019
            ],
            [
              -73.983983,
              40.806686
            ],
            [
              -73.98396,
              40.806676
            ],
            [
              -73.984059,
              40.806553
            ],
            [
              -73.984426,
              40.805985
            ],
            [
              -73.984455,
              40.805997
            ],
            [
              -73.984577,
              40.805822
            ],
            [
              -73.984834,
              40.805477
            ],
            [
              -73.984864,
              40.805436
            ],
            [
              -73.985043,
              40.805193
            ],
            [
              -73.985243,
              40.804909
            ],
            [
              -73.985416,
              40.804653
            ],
            [
              -73.985452,
              40.804601
            ],
            [
              -73.985547,
              40.804457
            ],
            [
              -73.985606,
              40.804371
            ],
            [
              -73.985752,
              40.804163
            ],
            [
              -73.985827,
              40.804056
            ],
            [
              -73.98606,
              40.803713
            ],
            [
              -73.98664,
              40.802875
            ],
            [
              -73.986669,
              40.802825
            ],
            [
              -73.986689,
              40.802781
            ],
            [
              -73.986782,
              40.802647
            ],
            [
              -73.986865,
              40.80253
            ],
            [
              -73.986884,
              40.802502
            ],
            [
              -73.987336,
              40.80186
            ],
            [
              -73.987348,
              40.801844
            ],
            [
              -73.988279,
              40.800515
            ],
            [
              -73.988759,
              40.799837
            ],
            [
              -73.989748,
              40.798441
            ],
            [
              -73.9905,
              40.797387
            ],
            [
              -73.990516,
              40.797364
            ],
            [
              -73.990525,
              40.797351
            ],
            [
              -73.990741,
              40.797066
            ],
            [
              -73.990838,
              40.796938
            ],
            [
              -73.991053,
              40.796641
            ],
            [
              -73.991461,
              40.796054
            ],
            [
              -73.9918,
              40.795566
            ],
            [
              -73.991905,
              40.795414
            ],
            [
              -73.992397,
              40.794707
            ],
            [
              -73.992859,
              40.794044
            ],
            [
              -73.993114,
              40.793676
            ],
            [
              -73.993498,
              40.793474
            ],
            [
              -73.995071,
              40.792251
            ],
            [
              -73.995209,
              40.792121
            ],
            [
              -73.995609,
              40.791651
            ],
            [
              -73.996528,
              40.790769
            ],
            [
              -73.997149,
              40.790028
            ],
            [
              -73.998226,
              40.788398
            ],
            [
              -73.998787,
              40.786806
            ],
            [
              -74.000472,
              40.785577
            ],
            [
              -74.001822,
              40.784095
            ],
            [
              -74.001953,
              40.783915
            ],
            [
              -74.002868,
              40.782303
            ],
            [
              -74.003161,
              40.781263
            ],
            [
              -74.004527,
              40.780419
            ],
            [
              -74.006087,
              40.778947
            ],
            [
              -74.006119,
              40.778909
            ],
            [
              -74.006532,
              40.778531
            ],
            [
              -74.007641,
              40.776974
            ],
            [
              -74.007758,
              40.776685
            ],
            [
              -74.007826,
              40.776635
            ],
            [
              -74.009148,
              40.775185
            ],
            [
              -74.009413,
              40.774823
            ],
            [
              -74.009602,
              40.774492
            ],
            [
              -74.009919,
              40.774142
            ],
            [
              -74.0101,
              40.773897
            ],
            [
              -74.010457,
              40.773295
            ],
            [
              -74.010771,
              40.772958
            ],
            [
              -74.010966,
              40.772699
            ],
            [
              -74.011361,
              40.772049
            ],
            [
              -74.011826,
              40.771526
            ],
            [
              -74.011994,
              40.771292
            ],
            [
              -74.012437,
              40.770607
            ],
            [
              -74.012448,
              40.770588
            ],
            [
              -74.012697,
              40.769997
            ],
            [
              -74.01358,
              40.769038
            ],
            [
              -74.013647,
              40.768945
            ],
            [
              -74.014543,
              40.767344
            ],
            [
              -74.014769,
              40.767115
            ],
            [
              -74.014875,
              40.766974
            ],
            [
              -74.015832,
              40.765312
            ],
            [
              -74.016897,
              40.764259
            ],
            [
              -74.017371,
              40.763616
            ],
            [
              -74.018217,
              40.762189
            ],
            [
              -74.018724,
              40.760672
            ],
            [
              -74.01873,
              40.760644
            ],
            [
              -74.018878,
              40.758944
            ],
            [
              -74.018871,
              40.758903
            ],
            [
              -74.018927,
              40.758862
            ],
            [
              -74.020266,
              40.757414
            ],
            [
              -74.020318,
              40.757344
            ],
            [
              -74.021252,
              40.755736
            ],
            [
              -74.021756,
              40.75402
            ],
            [
              -74.021758,
              40.753951
            ],
            [
              -74.02178,
              40.753873
            ],
            [
              -74.021784,
              40.753724
            ],
            [
              -74.022463,
              40.752029
            ],
            [
              -74.02252,
              40.751537
            ],
            [
              -74.022881,
              40.750397
            ],
            [
              -74.022948,
              40.750068
            ],
            [
              -74.022997,
              40.749585
            ],
            [
              -74.023116,
              40.74915
            ],
            [
              -74.023176,
              40.748805
            ],
            [
              -74.023193,
              40.748464
            ],
            [
              -74.0233,
              40.748115
            ],
            [
              -74.023357,
              40.747778
            ],
            [
              -74.023402,
              40.747455
            ],
            [
              -74.023469,
              40.747216
            ],
            [
              -74.023533,
              40.746878
            ],
            [
              -74.023555,
              40.746598
            ],
            [
              -74.02356,
              40.746598
            ],
            [
              -74.023626,
              40.746171
            ],
            [
              -74.023635,
              40.745746
            ],
            [
              -74.023862,
              40.745053
            ],
            [
              -74.02392,
              40.744714
            ],
            [
              -74.023959,
              40.743338
            ],
            [
              -74.02434,
              40.742347
            ],
            [
              -74.024523,
              40.74048
            ],
            [
              -74.024521,
              40.740429
            ],
            [
              -74.02425,
              40.738767
            ],
            [
              -74.024084,
              40.738374
            ],
            [
              -74.024006,
              40.738121
            ],
            [
              -74.024929,
              40.736839
            ],
            [
              -74.025624,
              40.735146
            ],
            [
              -74.025868,
              40.733383
            ],
            [
              -74.02587,
              40.733119
            ],
            [
              -74.025746,
              40.732096
            ],
            [
              -74.025888,
              40.731502
            ],
            [
              -74.02589,
              40.731502
            ],
            [
              -74.025893,
              40.731478
            ],
            [
              -74.025917,
              40.731377
            ],
            [
              -74.025915,
              40.731303
            ],
            [
              -74.026027,
              40.730427
            ],
            [
              -74.026052,
              40.730242
            ],
            [
              -74.026214,
              40.729994
            ],
            [
              -74.026817,
              40.728331
            ],
            [
              -74.026836,
              40.728248
            ],
            [
              -74.02686,
              40.728138
            ],
            [
              -74.026888,
              40.728006
            ],
            [
              -74.02696,
              40.727608
            ],
            [
              -74.026993,
              40.727391
            ],
            [
              -74.027039,
              40.725704
            ],
            [
              -74.026668,
              40.72404
            ],
            [
              -74.026491,
              40.723678
            ],
            [
              -74.027371,
              40.722573
            ],
            [
              -74.027387,
              40.722548
            ],
            [
              -74.028065,
              40.721235
            ],
            [
              -74.028464,
              40.719858
            ],
            [
              -74.028616,
              40.719021
            ],
            [
              -74.028737,
              40.718358
            ],
            [
              -74.028874,
              40.717605
            ],
            [
              -74.029016,
              40.716832
            ],
            [
              -74.029018,
              40.71682
            ],
            [
              -74.029127,
              40.716222
            ],
            [
              -74.029144,
              40.716135
            ],
            [
              -74.029165,
              40.716026
            ],
            [
              -74.029291,
              40.715323
            ],
            [
              -74.02937,
              40.714889
            ],
            [
              -74.029459,
              40.714407
            ],
            [
              -74.029461,
              40.714396
            ],
            [
              -74.029479,
              40.714297
            ],
            [
              -74.029482,
              40.714232
            ],
            [
              -74.029503,
              40.71417
            ],
            [
              -74.029606,
              40.71365
            ],
            [
              -74.029632,
              40.713514
            ],
            [
              -74.029667,
              40.713317
            ],
            [
              -74.029708,
              40.713113
            ],
            [
              -74.029754,
              40.712858
            ],
            [
              -74.029798,
              40.712591
            ],
            [
              -74.029809,
              40.712533
            ],
            [
              -74.029811,
              40.712527
            ],
            [
              -74.029919,
              40.712089
            ],
            [
              -74.029991,
              40.711807
            ],
            [
              -74.030001,
              40.711767
            ],
            [
              -74.030128,
              40.711256
            ],
            [
              -74.030286,
              40.710621
            ],
            [
              -74.0304,
              40.710169
            ],
            [
              -74.030405,
              40.710151
            ],
            [
              -74.030512,
              40.709718
            ],
            [
              -74.030553,
              40.709239
            ],
            [
              -74.030786,
              40.708622
            ],
            [
              -74.03088,
              40.708241
            ],
            [
              -74.030995,
              40.707785
            ],
            [
              -74.031076,
              40.706998
            ],
            [
              -74.031108,
              40.707022
            ],
            [
              -74.032807,
              40.708063
            ],
            [
              -74.033003,
              40.708143
            ],
            [
              -74.033483,
              40.70843
            ],
            [
              -74.035404,
              40.709198
            ],
            [
              -74.037478,
              40.709687
            ],
            [
              -74.039635,
              40.709881
            ],
            [
              -74.041802,
              40.709774
            ],
            [
              -74.042155,
              40.709706
            ],
            [
              -74.04243,
              40.709692
            ],
            [
              -74.044668,
              40.709235
            ],
            [
              -74.046746,
              40.708458
            ],
            [
              -74.047433,
              40.708058
            ],
            [
              -74.047929,
              40.707846
            ],
            [
              -74.049713,
              40.706676
            ],
            [
              -74.051579,
              40.705182
            ],
            [
              -74.052983,
              40.703815
            ],
            [
              -74.053583,
              40.702917
            ],
            [
              -74.053891,
              40.702612
            ],
            [
              -74.055041,
              40.700592
            ],
            [
              -74.055058,
              40.700548
            ],
            [
              -74.055504,
              40.69868
            ],
            [
              -74.055449,
              40.697397
            ],
            [
              -74.056622,
              40.696424
            ],
            [
              -74.056646,
              40.6964
            ],
            [
              -74.057659,
              40.6952
            ],
            [
              -74.057678,
              40.695173
            ],
            [
              -74.05853,
              40.693632
            ],
            [
              -74.058535,
              40.693619
            ],
            [
              -74.058548,
              40.693602
            ],
            [
              -74.059291,
              40.691925
            ],
            [
              -74.059586,
              40.690169
            ],
            [
              -74.059422,
              40.688404
            ],
            [
              -74.058805,
              40.686697
            ],
            [
              -74.05776,
              40.685115
            ],
            [
              -74.057507,
              40.684811
            ],
            [
              -74.056052,
              40.683398
            ],
            [
              -74.054256,
              40.682232
            ],
            [
              -74.052191,
              40.681359
            ],
            [
              -74.051548,
              40.681203
            ],
            [
              -74.051223,
              40.681044
            ],
            [
              -74.049579,
              40.680371
            ],
            [
              -74.047815,
              40.679902
            ],
            [
              -74.047417,
              40.679822
            ],
            [
              -74.044677,
              40.679526
            ],
            [
              -74.041922,
              40.679719
            ],
            [
              -74.041512,
              40.679785
            ],
            [
              -74.039139,
              40.68037
            ],
            [
              -74.037201,
              40.681223
            ],
            [
              -74.036872,
              40.680673
            ],
            [
              -74.036765,
              40.680523
            ],
            [
              -74.035783,
              40.679368
            ],
            [
              -74.035681,
              40.679266
            ],
            [
              -74.035597,
              40.679181
            ],
            [
              -74.035539,
              40.679123
            ],
            [
              -74.034876,
              40.67851
            ],
            [
              -74.034714,
              40.678373
            ],
            [
              -74.033683,
              40.677602
            ],
            [
              -74.03347,
              40.677461
            ],
            [
              -74.03177,
              40.676569
            ],
            [
              -74.031775,
              40.67641
            ],
            [
              -74.031361,
              40.674652
            ],
            [
              -74.031178,
              40.674162
            ],
            [
              -74.030867,
              40.673558
            ],
            [
              -74.03114,
              40.672501
            ],
            [
              -74.031143,
              40.670773
            ],
            [
              -74.03071,
              40.669076
            ],
            [
              -74.030152,
              40.668029
            ],
            [
              -74.029665,
              40.664821
            ],
            [
              -74.029144,
              40.663028
            ],
            [
              -74.02881,
              40.662463
            ],
            [
              -74.029437,
              40.661763
            ],
            [
              -74.030679,
              40.661124
            ],
            [
              -74.031616,
              40.660393
            ],
            [
              -74.031736,
              40.660346
            ],
            [
              -74.033659,
              40.659152
            ],
            [
              -74.033801,
              40.659043
            ],
            [
              -74.035343,
              40.657581
            ],
            [
              -74.036371,
              40.656033
            ],
            [
              -74.036855,
              40.65579
            ],
            [
              -74.038478,
              40.654578
            ],
            [
              -74.038829,
              40.65426
            ],
            [
              -74.040157,
              40.652778
            ],
            [
              -74.040762,
              40.651686
            ],
            [
              -74.041677,
              40.651212
            ],
            [
              -74.043304,
              40.649955
            ],
            [
              -74.043769,
              40.649517
            ],
            [
              -74.044405,
              40.648776
            ],
            [
              -74.046035,
              40.647215
            ],
            [
              -74.047029,
              40.646097
            ],
            [
              -74.04728,
              40.645933
            ],
            [
              -74.048722,
              40.644525
            ],
            [
              -74.049769,
              40.642928
            ],
            [
              -74.049844,
              40.642778
            ],
            [
              -74.050445,
              40.641102
            ],
            [
              -74.050611,
              40.639371
            ],
            [
              -74.050335,
              40.637647
            ],
            [
              -74.050225,
              40.63739
            ],
            [
              -74.050432,
              40.636959
            ],
            [
              -74.050479,
              40.636858
            ],
            [
              -74.051103,
              40.635506
            ],
            [
              -74.051111,
              40.635488
            ],
            [
              -74.051348,
              40.634971
            ],
            [
              -74.051382,
              40.634895
            ],
            [
              -74.051513,
              40.6346
            ],
            [
              -74.051657,
              40.634279
            ],
            [
              -74.051818,
              40.634024
            ],
            [
              -74.051867,
              40.633938
            ],
            [
              -74.052163,
              40.633366
            ],
            [
              -74.052204,
              40.633278
            ],
            [
              -74.052481,
              40.632599
            ],
            [
              -74.052513,
              40.632508
            ],
            [
              -74.052683,
              40.631954
            ],
            [
              -74.052707,
              40.631863
            ],
            [
              -74.05286,
              40.631119
            ],
            [
              -74.052874,
              40.631026
            ],
            [
              -74.052904,
              40.630751
            ],
            [
              -74.05304,
              40.630109
            ],
            [
              -74.053066,
              40.629947
            ],
            [
              -74.05318,
              40.629237
            ],
            [
              -74.053189,
              40.629179
            ],
            [
              -74.053201,
              40.6291
            ],
            [
              -74.053242,
              40.628773
            ],
            [
              -74.053379,
              40.627446
            ],
            [
              -74.053455,
              40.626712
            ],
            [
              -74.053477,
              40.626456
            ],
            [
              -74.053482,
              40.626366
            ],
            [
              -74.053559,
              40.626025
            ],
            [
              -74.053692,
              40.625199
            ],
            [
              -74.053703,
              40.625089
            ],
            [
              -74.053723,
              40.624842
            ],
            [
              -74.05373,
              40.624732
            ],
            [
              -74.053744,
              40.62436
            ],
            [
              -74.053745,
              40.62425
            ],
            [
              -74.05374,
              40.623924
            ],
            [
              -74.053735,
              40.623795
            ],
            [
              -74.05371,
              40.623421
            ],
            [
              -74.053698,
              40.623293
            ],
            [
              -74.053644,
              40.622864
            ],
            [
              -74.053624,
              40.622737
            ],
            [
              -74.053567,
              40.622424
            ],
            [
              -74.053541,
              40.622297
            ],
            [
              -74.053472,
              40.622009
            ],
            [
              -74.053468,
              40.621856
            ],
            [
              -74.054493,
              40.623266
            ],
            [
              -74.055986,
              40.624611
            ],
            [
              -74.056086,
              40.624685
            ],
            [
              -74.056171,
              40.624737
            ],
            [
              -74.056592,
              40.625179
            ],
            [
              -74.057021,
              40.625478
            ],
            [
              -74.056875,
              40.625727
            ],
            [
              -74.056767,
              40.625975
            ],
            [
              -74.056272,
              40.627623
            ],
            [
              -74.056192,
              40.629311
            ],
            [
              -74.05653,
              40.630981
            ],
            [
              -74.057273,
              40.632574
            ],
            [
              -74.058396,
              40.634033
            ],
            [
              -74.059121,
              40.634665
            ],
            [
              -74.05869,
              40.636357
            ],
            [
              -74.058718,
              40.638171
            ],
            [
              -74.058739,
              40.638316
            ],
            [
              -74.058576,
              40.638632
            ],
            [
              -74.058166,
              40.640387
            ],
            [
              -74.058221,
              40.64217
            ],
            [
              -74.058255,
              40.642379
            ],
            [
              -74.058501,
              40.643212
            ],
            [
              -74.058577,
              40.643789
            ],
            [
              -74.05863,
              40.643988
            ],
            [
              -74.058696,
              40.644155
            ],
            [
              -74.058723,
              40.644348
            ],
            [
              -74.058768,
              40.644513
            ],
            [
              -74.05944,
              40.646162
            ],
            [
              -74.060218,
              40.647263
            ],
            [
              -74.060669,
              40.648404
            ],
            [
              -74.06168,
              40.649888
            ],
            [
              -74.063035,
              40.651204
            ],
            [
              -74.064687,
              40.652307
            ],
            [
              -74.064716,
              40.652323
            ],
            [
              -74.066628,
              40.653183
            ],
            [
              -74.066724,
              40.653209
            ],
            [
              -74.068266,
              40.653911
            ],
            [
              -74.06961,
              40.654276
            ],
            [
              -74.070221,
              40.654547
            ],
            [
              -74.070598,
              40.654778
            ],
            [
              -74.071042,
              40.654945
            ],
            [
              -74.072525,
              40.655678
            ],
            [
              -74.074318,
              40.656407
            ],
            [
              -74.074726,
              40.656509
            ],
            [
              -74.074945,
              40.656584
            ],
            [
              -74.07747,
              40.657199
            ],
            [
              -74.079333,
              40.657322
            ],
            [
              -74.080288,
              40.657457
            ],
            [
              -74.081283,
              40.657463
            ],
            [
              -74.081842,
              40.657591
            ],
            [
              -74.081925,
              40.657607
            ],
            [
              -74.083426,
              40.65782
            ],
            [
              -74.083809,
              40.657855
            ],
            [
              -74.086678,
              40.657852
            ],
            [
              -74.087159,
              40.657807
            ],
            [
              -74.089866,
              40.657303
            ],
            [
              -74.090503,
              40.657122
            ],
            [
              -74.091309,
              40.656867
            ],
            [
              -74.092638,
              40.656402
            ],
            [
              -74.093538,
              40.655988
            ],
            [
              -74.093548,
              40.656002
            ],
            [
              -74.09397,
              40.65583
            ],
            [
              -74.094536,
              40.655528
            ],
            [
              -74.094929,
              40.655347
            ],
            [
              -74.095006,
              40.655302
            ],
            [
              -74.095574,
              40.655106
            ],
            [
              -74.095681,
              40.655075
            ],
            [
              -74.096657,
              40.654745
            ],
            [
              -74.097661,
              40.654364
            ],
            [
              -74.098519,
              40.654363
            ],
            [
              -74.099331,
              40.654303
            ],
            [
              -74.0999,
              40.654425
            ],
            [
              -74.099981,
              40.654434
            ],
            [
              -74.10077,
              40.654464
            ],
            [
              -74.101136,
              40.65451
            ],
            [
              -74.102478,
              40.654614
            ],
            [
              -74.102951,
              40.654689
            ],
            [
              -74.105483,
              40.654674
            ],
            [
              -74.1057,
              40.654655
            ],
            [
              -74.106319,
              40.654554
            ],
            [
              -74.106802,
              40.654553
            ],
            [
              -74.107764,
              40.654555
            ],
            [
              -74.108014,
              40.654556
            ],
            [
              -74.108289,
              40.654563
            ],
            [
              -74.108326,
              40.654564
            ],
            [
              -74.108495,
              40.654568
            ],
            [
              -74.110767,
              40.654456
            ],
            [
              -74.11144,
              40.654373
            ],
            [
              -74.111972,
              40.654298
            ],
            [
              -74.112173,
              40.654266
            ],
            [
              -74.114383,
              40.653738
            ],
            [
              -74.114723,
              40.653628
            ],
            [
              -74.115884,
              40.653344
            ],
            [
              -74.116715,
              40.652993
            ],
            [
              -74.118101,
              40.652609
            ],
            [
              -74.119165,
              40.652214
            ],
            [
              -74.119996,
              40.651803
            ],
            [
              -74.120554,
              40.65168
            ],
            [
              -74.120633,
              40.651656
            ],
            [
              -74.120881,
              40.651558
            ],
            [
              -74.12125,
              40.651466
            ],
            [
              -74.12154,
              40.651403
            ],
            [
              -74.121616,
              40.65138
            ],
            [
              -74.122387,
              40.651078
            ],
            [
              -74.123144,
              40.65092
            ],
            [
              -74.123269,
              40.650883
            ],
            [
              -74.123462,
              40.650809
            ],
            [
              -74.123712,
              40.650756
            ],
            [
              -74.123793,
              40.650732
            ],
            [
              -74.124098,
              40.650615
            ],
            [
              -74.124797,
              40.650372
            ],
            [
              -74.125018,
              40.650399
            ],
            [
              -74.127463,
              40.650304
            ],
            [
              -74.127979,
              40.650243
            ],
            [
              -74.128304,
              40.650269
            ],
            [
              -74.129862,
              40.650528
            ],
            [
              -74.129919,
              40.650533
            ],
            [
              -74.130281,
              40.650567
            ],
            [
              -74.130956,
              40.65063
            ],
            [
              -74.131813,
              40.650641
            ],
            [
              -74.132355,
              40.650752
            ],
            [
              -74.134565,
              40.650879
            ],
            [
              -74.136768,
              40.650692
            ],
            [
              -74.137414,
              40.65059
            ],
            [
              -74.137956,
              40.650494
            ],
            [
              -74.138667,
              40.650355
            ],
            [
              -74.138974,
              40.650269
            ],
            [
              -74.140335,
              40.650002
            ],
            [
              -74.141657,
              40.649632
            ],
            [
              -74.141674,
              40.64963
            ],
            [
              -74.14283,
              40.649455
            ],
            [
              -74.142992,
              40.649425
            ],
            [
              -74.143275,
              40.649378
            ],
            [
              -74.144655,
              40.649051
            ],
            [
              -74.145956,
              40.648861
            ],
            [
              -74.1461,
              40.648824
            ],
            [
              -74.147621,
              40.648306
            ],
            [
              -74.147811,
              40.648554
            ],
            [
              -74.147884,
              40.648631
            ],
            [
              -74.148234,
              40.648965
            ],
            [
              -74.148231,
              40.648966
            ],
            [
              -74.14838,
              40.649113
            ],
            [
              -74.148465,
              40.649191
            ],
            [
              -74.148586,
              40.649338
            ],
            [
              -74.148966,
              40.649649
            ],
            [
              -74.148998,
              40.649676
            ],
            [
              -74.149059,
              40.649728
            ],
            [
              -74.149061,
              40.649726
            ],
            [
              -74.150103,
              40.650577
            ],
            [
              -74.151899,
              40.651578
            ],
            [
              -74.15391,
              40.652306
            ],
            [
              -74.156065,
              40.652736
            ],
            [
              -74.159538,
              40.653169
            ],
            [
              -74.161735,
              40.653286
            ],
            [
              -74.163923,
              40.653092
            ],
            [
              -74.166026,
              40.652594
            ],
            [
              -74.16695,
              40.652222
            ],
            [
              -74.166963,
              40.652229
            ],
            [
              -74.16854,
              40.653
            ],
            [
              -74.170257,
              40.653573
            ],
            [
              -74.170469,
              40.653629
            ],
            [
              -74.173828,
              40.65412
            ],
            [
              -74.173857,
              40.654121
            ],
            [
              -74.174081,
              40.654104
            ],
            [
              -74.176191,
              40.654094
            ],
            [
              -74.177061,
              40.653958
            ],
            [
              -74.178057,
              40.654153
            ],
            [
              -74.180349,
              40.654256
            ],
            [
              -74.180418,
              40.654254
            ],
            [
              -74.182715,
              40.654015
            ],
            [
              -74.183681,
              40.653762
            ],
            [
              -74.183915,
              40.653759
            ],
            [
              -74.184006,
              40.653753
            ],
            [
              -74.185579,
              40.653479
            ],
            [
              -74.185584,
              40.653497
            ],
            [
              -74.185771,
              40.653471
            ],
            [
              -74.186172,
              40.653375
            ],
            [
              -74.187221,
              40.653192
            ],
            [
              -74.187393,
              40.653142
            ],
            [
              -74.18779,
              40.65302
            ],
            [
              -74.187821,
              40.65301
            ],
            [
              -74.188069,
              40.652923
            ],
            [
              -74.188554,
              40.652807
            ],
            [
              -74.18858,
              40.652798
            ],
            [
              -74.189842,
              40.652234
            ],
            [
              -74.190375,
              40.652081
            ],
            [
              -74.19051,
              40.652027
            ],
            [
              -74.19133,
              40.651667
            ],
            [
              -74.191596,
              40.651539
            ],
            [
              -74.191745,
              40.651451
            ],
            [
              -74.192166,
              40.651276
            ],
            [
              -74.192231,
              40.651243
            ],
            [
              -74.192261,
              40.651228
            ],
            [
              -74.192488,
              40.651112
            ],
            [
              -74.193484,
              40.650669
            ],
            [
              -74.195212,
              40.649508
            ],
            [
              -74.195687,
              40.649119
            ],
            [
              -74.200634,
              40.64512
            ],
            [
              -74.200885,
              40.645027
            ],
            [
              -74.202781,
              40.643915
            ],
            [
              -74.204343,
              40.642536
            ],
            [
              -74.204457,
              40.642412
            ],
            [
              -74.205818,
              40.640457
            ],
            [
              -74.205852,
              40.640389
            ],
            [
              -74.20603,
              40.639961
            ],
            [
              -74.206781,
              40.639457
            ],
            [
              -74.20682,
              40.639427
            ],
            [
              -74.20799,
              40.638339
            ],
            [
              -74.20822,
              40.638206
            ],
            [
              -74.208226,
              40.638202
            ],
            [
              -74.209485,
              40.637224
            ],
            [
              -74.210534,
              40.636113
            ],
            [
              -74.210542,
              40.636103
            ],
            [
              -74.211728,
              40.634106
            ],
            [
              -74.211753,
              40.634045
            ],
            [
              -74.212084,
              40.632953
            ],
            [
              -74.212428,
              40.632026
            ],
            [
              -74.212429,
              40.632022
            ],
            [
              -74.212602,
              40.631035
            ],
            [
              -74.21261,
              40.630956
            ],
            [
              -74.212606,
              40.630892
            ],
            [
              -74.212777,
              40.630237
            ],
            [
              -74.213182,
              40.627153
            ],
            [
              -74.213205,
              40.626986
            ],
            [
              -74.213215,
              40.625233
            ],
            [
              -74.213213,
              40.625228
            ],
            [
              -74.213233,
              40.625162
            ],
            [
              -74.213247,
              40.625107
            ],
            [
              -74.213303,
              40.624871
            ],
            [
              -74.213315,
              40.624816
            ],
            [
              -74.213436,
              40.624063
            ],
            [
              -74.213442,
              40.624006
            ],
            [
              -74.213475,
              40.623529
            ],
            [
              -74.213477,
              40.623472
            ],
            [
              -74.213481,
              40.623171
            ],
            [
              -74.21348,
              40.62306
            ],
            [
              -74.213464,
              40.622651
            ],
            [
              -74.21346,
              40.622593
            ],
            [
              -74.213386,
              40.621955
            ],
            [
              -74.213377,
              40.6219
            ],
            [
              -74.213222,
              40.621233
            ],
            [
              -74.213231,
              40.621231
            ],
            [
              -74.213215,
              40.62117
            ],
            [
              -74.213118,
              40.620118
            ],
            [
              -74.212777,
              40.619168
            ],
            [
              -74.212709,
              40.618625
            ],
            [
              -74.212722,
              40.618535
            ],
            [
              -74.212726,
              40.618496
            ],
            [
              -74.212697,
              40.61783
            ],
            [
              -74.21305,
              40.617292
            ],
            [
              -74.213822,
              40.615791
            ],
            [
              -74.214228,
              40.61421
            ],
            [
              -74.214256,
              40.612598
            ],
            [
              -74.214211,
              40.612148
            ],
            [
              -74.214409,
              40.611053
            ],
            [
              -74.214504,
              40.610279
            ],
            [
              -74.214554,
              40.609524
            ],
            [
              -74.214598,
              40.609202
            ],
            [
              -74.21465,
              40.607861
            ],
            [
              -74.214438,
              40.60653
            ],
            [
              -74.213839,
              40.604229
            ],
            [
              -74.21292,
              40.602115
            ],
            [
              -74.212086,
              40.600782
            ],
            [
              -74.211093,
              40.599484
            ],
            [
              -74.210088,
              40.598567
            ],
            [
              -74.210297,
              40.598382
            ],
            [
              -74.210398,
              40.598292
            ],
            [
              -74.210678,
              40.598036
            ],
            [
              -74.210841,
              40.597946
            ],
            [
              -74.212396,
              40.596669
            ],
            [
              -74.212486,
              40.596579
            ],
            [
              -74.213097,
              40.595823
            ],
            [
              -74.213522,
              40.59545
            ],
            [
              -74.213679,
              40.595242
            ],
            [
              -74.214195,
              40.594772
            ],
            [
              -74.215299,
              40.593242
            ],
            [
              -74.215536,
              40.592821
            ],
            [
              -74.216217,
              40.591203
            ],
            [
              -74.216485,
              40.589517
            ],
            [
              -74.21648,
              40.58946
            ],
            [
              -74.216538,
              40.589124
            ],
            [
              -74.216419,
              40.58745
            ],
            [
              -74.216355,
              40.587253
            ],
            [
              -74.216336,
              40.587036
            ],
            [
              -74.216322,
              40.586948
            ],
            [
              -74.21619,
              40.586476
            ],
            [
              -74.216191,
              40.586472
            ],
            [
              -74.21619,
              40.586151
            ],
            [
              -74.216193,
              40.586141
            ],
            [
              -74.216198,
              40.586142
            ],
            [
              -74.216205,
              40.586096
            ],
            [
              -74.216392,
              40.585392
            ],
            [
              -74.216396,
              40.585366
            ],
            [
              -74.216401,
              40.584858
            ],
            [
              -74.216421,
              40.584809
            ],
            [
              -74.216817,
              40.58392
            ],
            [
              -74.217393,
              40.582841
            ],
            [
              -74.217539,
              40.582163
            ],
            [
              -74.217589,
              40.582171
            ],
            [
              -74.217613,
              40.582082
            ],
            [
              -74.217751,
              40.58118
            ],
            [
              -74.217819,
              40.580864
            ],
            [
              -74.21782,
              40.580849
            ],
            [
              -74.217814,
              40.580769
            ],
            [
              -74.217848,
              40.58055
            ],
            [
              -74.217849,
              40.580525
            ],
            [
              -74.217829,
              40.580288
            ],
            [
              -74.218338,
              40.579226
            ],
            [
              -74.218346,
              40.5792
            ],
            [
              -74.218399,
              40.578854
            ],
            [
              -74.218776,
              40.57775
            ],
            [
              -74.218782,
              40.577722
            ],
            [
              -74.218819,
              40.577272
            ],
            [
              -74.218831,
              40.577244
            ],
            [
              -74.219113,
              40.575648
            ],
            [
              -74.219116,
              40.575596
            ],
            [
              -74.219094,
              40.575408
            ],
            [
              -74.219199,
              40.575136
            ],
            [
              -74.219571,
              40.573802
            ],
            [
              -74.219653,
              40.573339
            ],
            [
              -74.220038,
              40.572728
            ],
            [
              -74.220606,
              40.571095
            ],
            [
              -74.220621,
              40.570931
            ],
            [
              -74.221065,
              40.569894
            ],
            [
              -74.221139,
              40.569773
            ],
            [
              -74.221164,
              40.56973
            ],
            [
              -74.221447,
              40.56917
            ],
            [
              -74.221451,
              40.569171
            ],
            [
              -74.221507,
              40.56906
            ],
            [
              -74.221528,
              40.569008
            ],
            [
              -74.221586,
              40.568892
            ],
            [
              -74.221648,
              40.568748
            ],
            [
              -74.221635,
              40.568745
            ],
            [
              -74.221642,
              40.568727
            ],
            [
              -74.221847,
              40.568338
            ],
            [
              -74.221862,
              40.568342
            ],
            [
              -74.221931,
              40.568186
            ],
            [
              -74.222095,
              40.567785
            ],
            [
              -74.222113,
              40.567737
            ],
            [
              -74.222173,
              40.567571
            ],
            [
              -74.222189,
              40.567525
            ],
            [
              -74.222402,
              40.566775
            ],
            [
              -74.222405,
              40.566775
            ],
            [
              -74.222408,
              40.566762
            ],
            [
              -74.222475,
              40.566633
            ],
            [
              -74.222497,
              40.566587
            ],
            [
              -74.222657,
              40.566229
            ],
            [
              -74.222667,
              40.566205
            ],
            [
              -74.223021,
              40.565025
            ],
            [
              -74.223752,
              40.565058
            ],
            [
              -74.224283,
              40.565102
            ],
            [
              -74.224282,
              40.565105
            ],
            [
              -74.2245,
              40.565132
            ],
            [
              -74.224858,
              40.565149
            ],
            [
              -74.226022,
              40.565245
            ],
            [
              -74.226254,
              40.565229
            ],
            [
              -74.227365,
              40.565356
            ],
            [
              -74.22742,
              40.565359
            ],
            [
              -74.228025,
              40.56538
            ],
            [
              -74.228089,
              40.565381
            ],
            [
              -74.230407,
              40.565244
            ],
            [
              -74.230921,
              40.565134
            ],
            [
              -74.230956,
              40.565129
            ],
            [
              -74.231961,
              40.564911
            ],
            [
              -74.232646,
              40.564765
            ],
            [
              -74.232666,
              40.564759
            ],
            [
              -74.232954,
              40.564697
            ],
            [
              -74.234821,
              40.564005
            ],
            [
              -74.234913,
              40.563963
            ],
            [
              -74.234992,
              40.563921
            ],
            [
              -74.235188,
              40.563883
            ],
            [
              -74.235242,
              40.563866
            ],
            [
              -74.236906,
              40.563221
            ],
            [
              -74.236951,
              40.5632
            ],
            [
              -74.238421,
              40.56239
            ],
            [
              -74.23971,
              40.561418
            ],
            [
              -74.239743,
              40.561389
            ],
            [
              -74.240095,
              40.561036
            ],
            [
              -74.240816,
              40.560794
            ],
            [
              -74.242287,
              40.560149
            ],
            [
              -74.244363,
              40.558993
            ],
            [
              -74.244409,
              40.558961
            ],
            [
              -74.245748,
              40.55786
            ],
            [
              -74.245786,
              40.557823
            ],
            [
              -74.246569,
              40.556962
            ],
            [
              -74.246601,
              40.556922
            ],
            [
              -74.246953,
              40.556395
            ],
            [
              -74.247615,
              40.556258
            ],
            [
              -74.24976,
              40.555431
            ],
            [
              -74.250363,
              40.555067
            ],
            [
              -74.250373,
              40.555061
            ],
            [
              -74.250391,
              40.55505
            ],
            [
              -74.251642,
              40.554292
            ],
            [
              -74.251681,
              40.554263
            ],
            [
              -74.251882,
              40.55408
            ],
            [
              -74.25221,
              40.553867
            ],
            [
              -74.254756,
              40.551835
            ],
            [
              -74.256563,
              40.549956
            ],
            [
              -74.258016,
              40.547942
            ],
            [
              -74.258273,
              40.547605
            ],
            [
              -74.259259,
              40.545945
            ],
            [
              -74.259785,
              40.544168
            ],
            [
              -74.259829,
              40.542347
            ],
            [
              -74.259389,
              40.540557
            ],
            [
              -74.258484,
              40.538871
            ],
            [
              -74.25715,
              40.537357
            ],
            [
              -74.257133,
              40.537345
            ],
            [
              -74.257193,
              40.537012
            ],
            [
              -74.257193,
              40.537002
            ],
            [
              -74.257181,
              40.536601
            ],
            [
              -74.25718,
              40.536584
            ],
            [
              -74.25711,
              40.53593
            ],
            [
              -74.257103,
              40.535885
            ],
            [
              -74.256757,
              40.534545
            ],
            [
              -74.256753,
              40.534534
            ],
            [
              -74.256522,
              40.533971
            ],
            [
              -74.256511,
              40.533947
            ],
            [
              -74.255346,
              40.532135
            ],
            [
              -74.255361,
              40.532128
            ],
            [
              -74.255288,
              40.532039
            ],
            [
              -74.2551,
              40.531817
            ],
            [
              -74.255086,
              40.531801
            ],
            [
              -74.254129,
              40.530895
            ],
            [
              -74.25452,
              40.529842
            ],
            [
              -74.254635,
              40.52889
            ],
            [
              -74.254673,
              40.528753
            ],
            [
              -74.255123,
              40.527997
            ],
            [
              -74.255629,
              40.52652
            ],
            [
              -74.255799,
              40.524998
            ],
            [
              -74.255799,
              40.52495
            ],
            [
              -74.255787,
              40.524575
            ],
            [
              -74.256373,
              40.52425
            ],
            [
              -74.258126,
              40.52306
            ],
            [
              -74.258377,
              40.522806
            ],
            [
              -74.259206,
              40.522245
            ],
            [
              -74.26055,
              40.520925
            ],
            [
              -74.261548,
              40.519438
            ],
            [
              -74.261792,
              40.51881
            ],
            [
              -74.262492,
              40.518043
            ],
            [
              -74.263177,
              40.516807
            ],
            [
              -74.263218,
              40.516769
            ],
            [
              -74.263233,
              40.51675
            ],
            [
              -74.263262,
              40.516703
            ],
            [
              -74.264001,
              40.515858
            ],
            [
              -74.264643,
              40.514635
            ],
            [
              -74.264675,
              40.514596
            ],
            [
              -74.265715,
              40.513
            ],
            [
              -74.266101,
              40.511902
            ],
            [
              -74.266615,
              40.51101
            ],
            [
              -74.266704,
              40.510815
            ],
            [
              -74.266898,
              40.510358
            ],
            [
              -74.266946,
              40.510233
            ],
            [
              -74.267318,
              40.508886
            ],
            [
              -74.267416,
              40.507511
            ]
          ]
        ]
      }
    }
  ]
}